src_ligand,src_chain,src_protein,src_motif,ligand_all,id_all,src_ligand_n_residues,src_ligand_n_atoms
ASN,A,11as,"[45, 46, 48, 49, 50, 52, 72, 74, 75, 77, 100, 116, 118, 133, 197, 199, 200, 201, 214, 217, 218, 219, 220, 221, 231, 232, 234, 238, 239, 241, 242, 243, 244, 245, 247, 251, 252, 253, 255, 273, 293, 303, 360, 365, 372]",ASN,11as_A,4,"[8, 8, 8, 9]"
CS,A,1kh8,"[58, 73, 113, 114, 115]",UPA|CS,11ba_A|1kh8_A,1,[1]
ADP,A,13pk,"[217, 218, 219, 223, 241, 242, 245, 294, 314, 315, 338, 340, 342, 343, 345, 374, 375, 376, 377, 378, 422, 716, 722, 842, 861]",ADP,13pk_A,1,[27]
HEM,A,19hc,"[8, 10, 11, 14, 16, 17, 18, 29, 30, 31, 32, 33, 35, 36, 37, 39, 40, 43, 44, 46, 47, 49, 50, 51, 52, 53, 55, 56, 57, 58, 59, 61, 62, 63, 70, 71, 72, 74, 76, 78, 79, 80, 81, 85, 88, 94, 95, 96, 97, 100, 101, 102, 104, 105, 108, 110, 111, 114, 115, 117, 118, 119, 120, 121, 122, 126, 127, 129, 130, 131, 172, 177, 178, 181, 183, 184, 185, 186, 187, 188, 189, 190, 193, 195, 196, 197, 199, 200, 201, 203, 204, 208, 211, 212, 213, 214, 216, 217, 218, 223, 224, 225, 227, 228, 229, 230, 231, 235, 236, 238, 239, 240, 241, 244, 245, 255, 256, 257, 260, 262, 263, 264, 265, 266, 267, 268, 270, 271, 274, 276, 278, 279, 280, 281, 283, 284, 286, 287, 288, 295, 310, 311, 312, 314, 315, 317, 319, 320, 322, 324, 325, 328, 333, 334, 335, 339, 340, 346, 348, 351, 352, 354, 357, 363, 382, 383, 392, 399, 401, 403, 408, 414, 415, 416, 417, 423, 424, 426, 430, 432, 436, 441, 442, 444, 448, 450, 458, 466, 468, 476, 480, 481, 493, 497, 503, 507, 508, 516, 519, 520, 522, 528, 538, 553, 558, 576, 582, 583, 587, 601, 602, 611, 618, 629, 635, 636, 639, 646, 656, 660, 662, 684, 691, 701, 705, 713, 725, 741, 750, 765, 771, 775]",HEM|HEC,19hc_A|1duw_A,9,"[43, 43, 43, 43, 43, 43, 43, 43, 43]"
IPM,A,1a05,"[88, 95, 105, 133, 140, 246, 501, 524, 553, 562, 585, 602, 693, 698]",IPM,1a05_A,1,[12]
CO,A,1a0c,"[231, 267, 270, 295, 306, 308, 338, 493, 494, 495, 556]",CO|MN,1a0c_A|1a0d_A|1a0e_A,2,"[1, 1]"
PMP,B,1a0g,"[31, 50, 138, 145, 177, 179, 180, 181, 182, 201, 203, 204, 205, 240, 241, 302, 340, 354, 432]",PMP,1a0g_B,1,[16]
ATP,A,1a0i,"[32, 33, 34, 35, 39, 55, 93, 149, 220, 222, 232, 236, 238, 242, 351, 363, 434, 458, 459]",ATP,1a0i_A,1,[31]
APA,A,1a0l,"[41, 57, 189, 190, 191, 192, 193, 194, 195, 213, 214, 215, 219, 226]",APA,1a0l_A,1,[15]
FAR,B,1a0r,,FAR,1a0r_B,0,[]
CA,P,1a0s,"[454, 457, 460, 462]",CA,1a0s_P,1,[1]
EST,A,1a27,"[142, 143, 144, 147, 149, 152, 155, 186, 187, 193, 225, 259, 279, 282, 360, 570, 628]",EST|NAP,1a27_A,1,[20]
STR,A,1a28,"[718, 719, 721, 725, 756, 759, 766, 778, 797, 801, 890, 891, 894, 905, 909, 1004]",STR,1a28_A,1,[23]
PGA,A,1a3w,"[49, 84, 240, 242, 263, 264, 265, 266, 298, 1001, 1002]",PGA|FBP|MN,1a3w_A,1,[9]
HEM,B,1wmu,"[31, 38, 41, 42, 45, 63, 66, 67, 70, 71, 88, 92, 96, 98, 102, 103, 106, 141, 202, 214, 223, 244, 274, 276, 286, 294, 356, 358, 374, 379]",HEM|OXY,1a4f_B|1wmu_B|3at5_B,1,[43]
NDP,B,1a4i,"[148, 171, 172, 173, 174, 177, 196, 197, 202, 215, 216, 217, 218, 221, 236, 237, 238, 255, 276, 279, 309, 343, 364, 371, 374, 405, 417, 430, 477, 483, 490, 516, 519]",NDP,1a4i_B,1,[48]
3D1,A,3iar,"[1, 15, 17, 19, 61, 62, 65, 102, 103, 106, 155, 183, 184, 214, 217, 238, 295, 296, 712, 781, 814]",ZN|DCF|3D1,1a4l_A|3iar_A,1,[18]
HEC,A,1a56,"[9, 10, 12, 13, 14, 21, 22, 23, 28, 32, 42, 45, 46, 50, 51, 53, 54, 55, 56, 57, 59, 62, 63, 64]",HEC,1a56_A,1,[43]
COA,A,1a59,"[219, 220, 221, 224, 263, 264, 265, 266, 267, 268, 269, 270, 273, 309, 315, 318, 379]",COA,1a59_A,1,[46]
NI,C,1a5o,"[134, 136, 219, 246, 272, 277, 360, 999, 1144]",NI,1a5o_C,2,"[1, 1]"
FBP,A,1a5z,"[60, 79, 80, 83, 84, 87, 173, 185, 186, 187, 188, 207, 209, 391, 441, 542, 546, 547, 551, 561]",FBP|NAD,1a5z_A,2,"[20, 20]"
CU,A,1a65,"[64, 66, 107, 109, 111, 396, 399, 401, 451, 452, 453, 454, 457, 462, 904]",CU|O,1a65_A,3,"[1, 1, 1]"
ADP,A,1a6e,"[41, 42, 43, 44, 94, 95, 96, 97, 98, 157, 160, 407, 408, 444, 448, 476, 478, 491, 493, 897, 899, 950]",ADP|AF3,1a6e_A,1,[27]
ADP,B,1a6e,"[40, 41, 42, 43, 61, 93, 94, 95, 96, 97, 158, 162, 408, 409, 445, 449, 477, 479, 480, 487, 492, 494, 951, 997, 999]",ADP|AF3,1a6e_B,1,[27]
SF4,A,1a6l,"[2, 20, 21, 22, 24, 25, 34, 39, 40, 41, 42, 43, 45]",SF4|F3S,1a6l_A,1,[8]
ZN,B,1a6y,"[101, 104, 118, 121, 137, 143, 153, 156]",ZN,1a6y_B,2,"[1, 1]"
FES,A,1a70,"[37, 38, 39, 40, 42, 43, 44, 47, 75, 77]",FES,1a70_A,1,[4]
ZN,A,1a71,"[46, 48, 67, 97, 98, 100, 103, 111, 174, 403, 404]",ZN|NAD|PYZ,1a71_A|1deh_A,2,"[1, 1]"
ZN,A,1a73,"[41, 100, 105, 110, 125, 132, 134, 138, 344]",ZN,1a73_A,2,"[1, 1]"
CA,A,1bu3,"[51, 53, 55, 57, 59, 62, 90, 92, 94, 96, 101, 130]",CA|MG,1a75_B|1b8c_A|1bu3_A|1pal_A|2mbx_A|5xnd_A,2,"[1, 1]"
MN,A,1a76,"[80, 154, 173, 175, 224, 343, 394, 459, 516, 517, 519, 520]",MN,1a76_A,2,"[1, 1]"
YIO,A,1a78,,YIO|GAL,1a78_A,0,[]
CFO,A,1a7d,"[25, 54, 55, 58, 73, 77, 103, 106, 107, 111]",CFO,1a7d_A,1,[4]
ZN,A,1a7i,"[10, 13, 31, 34, 37, 40, 58, 61]",ZN,1a7i_A|2o10_A,2,"[1, 1]"
NAD,A,3dmt,"[8, 9, 10, 11, 12, 13, 37, 38, 39, 90, 91, 110, 111, 112, 113, 114, 134, 135, 166, 198, 335, 336, 339, 365, 384, 406, 418, 431, 438, 439, 473, 506, 551]",NAD,1a7k_A|3dmt_A,1,[44]
HEM,A,1a7v,"[8, 9, 12, 13, 15, 16, 19, 65, 66, 67, 71, 78, 81, 82, 85, 112, 113, 116, 117, 120, 121, 151, 211]",HEM,1a7v_A,1,[43]
ZN,A,1cl4,"[53, 56, 61, 66]",ZN,1cl4_A|1dsv_A,1,[1]
FE,A,1dt0,"[26, 73, 122, 156, 160, 1769]",FE,1dt0_A,1,[1]
ZN,A,1dth,"[142, 146, 152, 972]",ZN|CA|BAT|0GR,1dth_A|2aig_P,1,[1]
PLP,A,1dty,"[111, 112, 113, 144, 145, 146, 211, 245, 247, 248, 274, 1136, 1137, 1145, 1146, 1166]",PLP,1dty_A,1,[15]
CAA,A,1dub,"[56, 57, 58, 60, 92, 96, 97, 98, 99, 100, 101, 103, 117, 137, 139, 140, 141, 144, 163, 164, 167, 172, 173, 357, 372, 378, 401, 406, 411]",CAA|COO,1dub_A|2hw5_C,1,[54]
SF4,A,1dur,"[2, 4, 8, 9, 10, 11, 12, 13, 14, 18, 19, 20, 22, 23, 29, 31, 36, 37, 39, 40, 42, 46, 47, 48, 50, 51]",SF4,1dur_A,2,"[8, 8]"
PSQ,G,1duv,"[54, 55, 56, 57, 58, 106, 128, 133, 136, 166, 167, 231, 235, 236, 273, 274, 319, 515, 603, 606]",PSQ,1duv_G,1,[17]
ZN,H,1dv6,"[124, 126, 128, 1082]",ZN,1dv6_H,1,[1]
ZN,D,1dvf,"[33, 52]",ZN,1dvf_D,1,[1]
HEM,A,1c53,"[10, 50, 51, 53, 54]",HEM|HEC,1c53_A|1dvh_A,1,[43]
UP6,A,1dvj,"[18, 20, 42, 70, 72, 126, 127, 180, 182, 201, 202, 203, 4001, 4016, 4065, 4068, 4076, 4082, 4125, 4140]",UP6,1dvj_A,1,[21]
ZN,A,1dvp,"[164, 167, 180, 183, 188, 191, 210, 213]",ZN,1dvp_A,2,"[1, 1]"
ATF,A,1dvr,"[12, 13, 14, 15, 16, 17, 18, 19, 128, 132, 141, 142, 143, 146, 202, 204, 205, 206, 243, 249, 252, 291]",ATF,1dvr_A,1,[33]
HEC,A,1dw0,"[40, 42, 43, 46, 47, 63, 66, 74, 75, 81, 84, 85, 88, 92, 105, 500, 510, 517, 527, 544, 545, 552, 560, 561, 593, 612]",HEC,1dw0_A,1,[43]
