,src_ligand,src_chain,src_protein,src_motif,src_ligand_n_atoms,src_ligand_n_residues,ligand_all,id_all
0,ASN,A,12as,,[9],1,ASN|AMP,11as_A|11as_B|12as_A|12as_B
1,3LF,A,5j41,,[17],1,VWW|EAA|0HH|SAS|GTX|GDN|BSP|0HG|GTD|LEE|NO|CBD|GSN|CA|GPR|LZ6|CBL|RUC|N11|GBX|5AU|3LF|GVX|6SG|GF5|GDS|O7Z|TVQ|HJ6,10gs_A|10gs_B|11gs_A|11gs_B|12gs_A|12gs_B|13gs_A|13gs_B|17gs_A|17gs_B|18gs_A|18gs_B|19gs_A|19gs_B|1aqv_A|1aqv_B|1aqx_A|1aqx_B|1aqx_C|1aqx_D|1gss_A|1gss_B|1pgt_A|1pgt_B|1zgn_A|1zgn_B|20gs_A|20gs_B|2a2r_A|2a2r_B|2a2s_A|2a2s_B|2gss_A|2gss_B|2j9h_A|2j9h_B|2pgt_A|2pgt_B|3csh_A|3csh_B|3csi_A|3csi_B|3csi_C|3csi_D|3csj_B|3dd3_A|3dd3_B|3dgq_A|3dgq_B|3gss_A|3gss_B|3gus_A|3gus_B|3hjm_A|3hjm_B|3hjm_C|3hjm_D|3hjo_A|3hjo_B|3hkr_A|3hkr_B|3ie3_A|3ie3_B|3km6_A|3km6_B|3kmn_A|3kmn_B|3kmo_A|3kmo_B|3n9j_A|3n9j_B|3pgt_A|3pgt_B|4gss_A|4gss_B|4pgt_A|4pgt_B|5dal_A|5dal_B|5dcg_B|5ddl_A|5ddl_B|5djl_B|5j41_A|5j41_B|5jcw_A|5jcw_B|5l6x_A|5l6x_B|5x79_A|5x79_B|6ap9_A|6ap9_B|6y1e_A|6y1e_B|7bia_A|7xba_B|9gss_A|9gss_B
2,BIS,A,16pk,,[39],1,ADP|BIS,13pk_A|13pk_B|13pk_C|13pk_D|16pk_A
3,HEM,A,155c,,[43],1,HEM,155c_A
4,HEC,A,1ofw,,[43],1,HEM|HEC,19hc_A|19hc_B|1ofw_A|1ofw_B|1ofy_A|1ofy_B
5,IPM,A,1a05,,[12],1,IPM,1a05_A|1a05_B
6,ZN,A,2a0b,,[1],1,ZN,1a0b_A|2a0b_A
7,CO,A,1a0c,,[1],1,CO,1a0c_A|1a0c_B|1a0c_C|1a0c_D
8,MN,A,1a0d,,[1],1,MN,1a0d_A|1a0d_B|1a0d_C|1a0d_D
9,CO,A,1a0e,,[1],1,CO,1a0e_A|1a0e_D
10,PDD,A,3daa,,[21],1,PMP|PLP|DCS|PDD|PSZ,1a0g_A|1a0g_B|1daa_A|1daa_B|1g2w_A|1g2w_B|2daa_A|2daa_B|2dab_A|2dab_B|3daa_A|3daa_B|3lqs_A|3lqs_B|4daa_A|4daa_B|5daa_A|5daa_B
11,ATP,A,1a0i,,[31],1,ATP,1a0i_A
12,CA,A,1a0j,,[1],1,CA,1a0j_A
13,BU3,A,2f9n,,[6],1,APA|PM2|BU3|270|C3A|C4A|C1R|5AM|2FF|11M|11N|0GX|P43|X2A|2A4|2AJ|2AV|X00|5TA|0GJ|Y35|A1I52,1a0l_A|1a0l_B|1a0l_C|1a0l_D|2bm2_A|2bm2_B|2bm2_C|2bm2_D|2f9n_A|2f9n_B|2f9n_C|2f9n_D|2f9p_A|2f9p_B|2f9p_C|2f9p_D|2fpz_A|2fpz_B|2fpz_C|2fpz_D|2fs8_A|2fs8_B|2fs8_C|2fs8_D|2fs9_A|2fs9_B|2fs9_C|2fs9_D|2fww_A|2fww_B|2fww_C|2fww_D|2fxr_A|2fxr_B|2fxr_C|2fxr_D|2gdd_A|2gdd_B|2gdd_C|2gdd_D|2za5_A|2za5_B|2za5_C|2za5_D|2zeb_A|2zeb_B|2zeb_C|2zeb_D|2zec_A|2zec_B|2zec_C|2zec_D|3v7t_A|3v7t_B|3v7t_C|3v7t_D|4a6l_A|4a6l_B|4a6l_C|4a6l_D|4mpu_A|4mpu_B|4mpv_A|4mpv_B|4mpw_A|4mpw_B|4mpx_A|4mpx_B|4mqa_A|4mqa_B|5f03_A|5f03_B|5wi6_A|5wi6_B|5wi6_C|5wi6_D|6p0p_A|6p0p_B|6vvu_A|6vvu_B|6vvu_C|6vvu_D|9qfu_A|9qfu_B|9qfu_C|9qfu_D
14,ZN,B,5ye4,,[1],1,ZN|HEP,1a0q_L|1eap_A|5ye4_B
15,FAR,B,1a0r,,[15],1,FAR,1a0r_B
16,CA,P,1a0s,,[1],1,CA|GLC|FRU,1a0s_P|1a0s_Q|1a0s_R|1a0t_P|1a0t_Q|1a0t_R|1oh2_P|1oh2_Q|1oh2_R
17,MN,A,2v3z,,[1],1,PRO|LEU|MN|CA|ZN|MG,1a16_A|1jaw_A|1m35_A|1m35_B|1m35_C|1m35_D|1m35_E|1m35_F|1n51_A|1w2m_A|1w2m_B|1w2m_C|1w2m_D|1w2m_E|1w2m_F|1w7v_A|1w7v_B|1w7v_C|1w7v_D|1wbq_A|1wbq_B|1wbq_C|1wbq_D|1wl6_A|1wl9_A|2bh3_A|2bhb_A|2bhd_A|2bn7_A|2bws_A|2bwt_A|2bwv_A|2bww_A|2bwx_A|2bwy_A|2v3x_A|2v3y_A|2v3z_A
18,ZN,A,1a1t,,[1],1,ZN|1HF,1a1t_A|1aaf_A|1f6u_A|1mfs_A|2m3z_A|5i1r_A
19,CA,A,1a25,,[1],1,CA|PSE,1a25_A|1a25_B
20,H7W,A,6i8m,,[26],1,CNA|BZC|DHQ|4AN|3MB|NU1|H7W|H7Z,1a26_A|1efy_A|1pax_A|2pax_A|3pax_A|4pax_A|6i8m_A|6i8t_A
21,TES,A,1jtv,,[21],1,EST|NAP|DHT|EQI|NAD|HYC|TES|5SD|ASD|AND|E2B|B81|AOM|F0A|F0D|EM9|J3Z,1a27_A|1dht_A|1equ_A|1equ_B|1fds_A|1fdt_A|1fdu_A|1fdu_B|1fdu_C|1fdu_D|1fdv_A|1fdv_B|1fdv_C|1fdv_D|1fdw_A|1i5r_A|1iol_A|1jtv_A|1qyv_A|1qyw_A|1qyx_A|3dey_X|3dhe_A|3hb4_X|3hb5_X|3klm_X|3klp_X|3km0_A|3km0_B|6cgc_A|6cgc_B|6cge_A|6cge_B|6dtp_A|6mnc_B|6mne_A|6mne_B|7x3z_A|7x3z_B
22,HEM,A,2cth,,[43],1,HEC|HEM,1a2i_A|1gx7_E|1mdv_A|1mdv_B|2bpn_A|2cth_A|2cth_B|2cym_A
23,ZN,C,1a2p,,[1],1,ZN|BRJ|TOU,1a2p_C|1b2z_C|1brg_C|1brh_C|1brj_C|1brk_C|2f4y_C|2f5m_B|2f5m_C|2f5w_C
24,HEM,A,1ctj,,[43],1,HEC|HEM,1a2s_A|1ced_A|1ctj_A
25,CFC,H,1a3l,,[19],1,CFC,1a3l_H
26,PGA,A,1a3w,,[9],1,PGA|FBP|MN,1a3w_A|1a3w_B|1a3x_A|1a3x_B
27,CA,A,3bmv,,[1],1,GLC|G6D|ADH|CA|ACI,1a47_A|1ciu_A|3bmv_A|3bmw_A
28,CU,A,1azc,,[1],1,CU,1a4a_A|1a4a_B|1a4b_A|1a4b_B|1a4c_A|1a4c_B|1a4c_C|1a4c_D|1azb_A|1azb_B|1azc_A|1azc_B|1uri_A|1uri_B|2aza_A|2aza_B
29,HEM,A,1a4e,,[43],1,HEM,1a4e_A|1a4e_B|1a4e_C|1a4e_D
30,HEM,B,6zmx,,[43],1,HEM|OXY,1a4f_B|1c40_B|1faw_B|1faw_D|1hbr_B|1hbr_D|1hv4_B|1hv4_D|1hv4_F|1hv4_H|2qmb_B|2qmb_D|2r80_B|2r80_D|2zfb_B|3a59_B|3a59_D|3a59_F|3a59_H|3dhr_B|3dhr_D|3dhr_F|3dhr_H|3eok_B|3fs4_B|3fs4_D|3k8b_B|3k8b_D|3mjp_B|3mjp_D|3mju_B|3wr1_B|3wtg_B|3wtg_D|6zmx_B|6zmx_D|6zmy_B|6zmy_D
31,NDP,A,1a4i,,[48],1,NDP|NAP|L24|L34|L37|21V|LUD|9L9|A1L23|A1L24|A1L22|A1L25,1a4i_A|1a4i_B|1dia_A|1dia_B|1dib_A|1dib_B|1dig_A|1dig_B|6ecp_A|6ecp_B|6ecq_A|6ecq_B|6ecr_A|6ecr_B|9ise_A|9ise_B|9ise_C|9ise_D|9isl_A|9isl_B|9isl_C|9isl_D|9isr_A|9isr_B|9isr_C|9isr_D|9itd_A|9itd_B|9itd_C|9itd_D|9iuo_A|9iuo_B|9iuo_C|9iuo_D
32,COC,B,1i7z,,[22],1,FRA|COC|STR|ANO,1a4k_B|1a4k_H|1i7z_B|1i7z_D|2o5y_H|2o5z_H
33,ZN,A,3mvi,,[1],1,ZN|DCF|PRH|1DA|PUR|HPR|9DI|CA,1a4l_A|1a4l_B|1a4l_C|1a4l_D|1a4m_A|1a4m_B|1a4m_C|1a4m_D|1add_A|1fkw_A|1fkx_A|1uio_A|1uip_A|2ada_A|3km8_A|3km8_B|3mvi_A|3mvi_B|3t1g_A
34,CA,A,1b9o,,[1],1,CA,1a4v_A|1alc_A|1b9o_A|1hml_A|3b0i_A|3b0o_A|3b0o_B|4l41_A|4l41_B
35,2HP,A,1a54,,[5],1,2HP|MDC,1a54_A|1a55_A|1ixi_A
36,COA,A,1a59,,[48],1,COA,1a59_A
37,0GJ,A,1a5i,,[26],1,0GJ,1a5i_A
38,NI,C,1ejr,,[1],1,NI|MN|HAE,1a5n_C|1a5o_C|1ef2_A|1ejr_C|1ejs_C|1ejt_C|1eju_C|1ejv_C|1fwa_C|1fwb_C|1fwc_C|1fwd_C|1fwe_C|1fwf_C|1fwg_C|1fwh_C|1fwi_C|1fwj_C|1krb_C|1krc_C|2kau_C
39,ZN,A,1a5t,,[1],1,ZN|BEF|AGS,1a5t_A|1jr3_E|1xxh_E|1xxh_J|3glf_E|3glf_J|3glg_E|3glg_J|3gli_E|3gli_J|8giy_E|8giz_E|8gj0_E|8gj1_E|8gj2_E|8gj3_E|8val_E|8vam_E|8vap_E|8vaq_E|8var_E|8vas_E|8vat_E
40,FBP,A,1a5z,,[20],1,FBP|NAD,1a5z_A
41,ZN,B,1a6b,,[1],1,ZN,1a6b_B
42,ADP,A,1a6e,,[27],1,ADP|AF3,1a6e_A
43,ADP,B,1a6e,,[27],1,ADP|AF3,1a6e_B
44,SF4,A,7fd1,,[8],1,SF4|F3S,1a6l_A|1axq_A|1b0t_A|1b0v_A|1b0v_B|1b0v_C|1b0v_D|1d3w_A|1f5b_A|1f5c_A|1fd2_A|1fda_A|1fdb_A|1fdd_A|1fer_A|1ff2_A|1frh_A|1fri_A|1frj_A|1frk_A|1frl_A|1frm_A|1frx_A|1ftc_A|1ftc_B|1g3o_A|1g6b_A|1gao_A|1gao_B|1gao_C|1gao_D|1pc4_A|1pc5_A|2fd2_A|5fd1_A|6fd1_A|6fdr_A|7fd1_A|7fdr_A
45,NPC,L,1a6v,,[22],1,NPC|NIP|NCH|AZN|DNF|FUR|ANF,1a6v_L|1a6v_M|1a6v_N|1a6w_L|1dl7_L|1oar_L|1oar_M|1oar_N|1oar_O|1oau_L|1oau_N|1oay_L|1oay_N|2bjm_L
46,ZN,A,1a6y,,[1],1,ZN,1a6y_A|1a6y_B|1ga5_A|1ga5_B|1ga5_E|1ga5_F|1hlz_A|1hlz_B
47,ZN,A,8vms,,[1],1,ZN|MG,1a73_A|1a73_B|1a74_A|1a74_B|1cyq_A|1cyq_B|1cz0_A|1cz0_B|1evw_A|1evw_B|1evw_C|1evw_D|1evx_A|1evx_B|2o6m_A|2o6m_B|8vmo_A|8vmo_B|8vmp_A|8vmp_B|8vmq_A|8vmq_B|8vmr_A|8vmr_B|8vms_A|8vms_B|8vmt_A|8vmt_B|8vmu_A|8vmu_B|8vmv_A|8vmv_B|8vmw_A|8vmw_B|8vmx_A|8vmx_B|8vmy_A|8vmy_B|8vmz_A|8vmz_B|8vn0_A|8vn0_B|8vn1_A|8vn1_B|8vn2_A|8vn2_B|8vn3_A|8vn3_B|8vn4_A|8vn4_B|8vn5_A|8vn5_B|8vn6_A|8vn6_B|8vn7_A|8vn7_B|8vn8_A|8vn8_B|8vn9_A|8vn9_B|8vna_A|8vna_B|8vnb_A|8vnb_B|8vnc_A|8vnc_B|8vnd_A|8vnd_B|8vne_A|8vne_B|8vnf_A|8vnf_B|8vng_A|8vng_B|8vnh_A|8vnh_B|8vnj_A|8vnj_B|8vnk_A|8vnk_B|8vnl_A|8vnl_B|8vnm_A|8vnm_B|8vnn_A|8vnn_B|8vno_A|8vno_B|8vnp_A|8vnp_B|8vnq_A|8vnq_B|8vnr_A|8vnr_B|8vns_A|8vns_B|8vnt_A|8vnt_B|8vnu_A|8vnu_B
48,CA,A,1a75,,[1],1,CA,1a75_A|1a75_B
49,MN,A,1a76,,[1],1,MN|MG,1a76_A|1a77_A
50,YIO,A,1a78,,[12],1,YIO|GAL,1a78_A|1a78_B|1gan_A|1gan_B
51,NAD,A,5axa,,[44],1,NAD|ADC|ADN|DEA|NAI|ADY|NOC|3DD|AFX|XFA|NRN|ARJ|RBV|9W1|9W4|NOS,1a7a_A|1a7a_B|1b3r_A|1b3r_B|1b3r_C|1b3r_D|1d4f_A|1d4f_B|1d4f_C|1d4f_D|1k0u_A|1k0u_B|1k0u_C|1k0u_D|1k0u_E|1k0u_F|1k0u_G|1k0u_H|1ky4_A|1ky4_B|1ky4_C|1ky4_D|1ky5_A|1ky5_B|1ky5_C|1ky5_D|1li4_A|1xwf_A|1xwf_B|1xwf_C|1xwf_D|2h5l_A|2h5l_B|2h5l_C|2h5l_D|2h5l_E|2h5l_F|2h5l_G|2h5l_H|3nj4_A|3nj4_B|3nj4_C|3nj4_D|4pfj_A|4pfj_B|4pgf_A|4pgf_B|4yvf_A|4yvf_B|5axa_A|5axa_C|5axb_A|5axb_C|5axc_A|5axc_C|5axd_A|5axd_C|5w49_A|5w49_B|5w4b_A|5w4b_B|5w4b_C|5w4b_D|5w4b_E|5w4b_F|8cod_A|8cod_B
52,FEO,A,2mhr,,[3],1,CFO|OFO|FEO,1a7d_A|1a7e_A|2mhr_A
53,ZN,A,1a7i,,[1],1,ZN,1a7i_A
54,NMD,A,1i32,,[42],1,NAD|NBD|NMD|TND,1a7k_A|1a7k_B|1a7k_C|1a7k_D|1gyp_A|1gyp_B|1gyp_C|1gyp_D|1gyq_A|1gyq_B|1gyq_C|1gyq_D|1i32_A|1i32_B|1i32_C|1i32_D|1i32_E|1i32_F|1i33_A|1i33_B|1i33_C|1i33_D|1i33_E|1i33_F
55,GLC,A,3q26,,[12],1,GLC|AC1|2ME|MG|ASO,1a7l_C|1iud_A|3jyr_A|3q26_A|6l0z_A|6l3e_A|7fft_A|7ffw_A
56,HEC,A,1mqv,,[43],1,HEM|HEC,1a7v_A|1a7v_B|1mqv_A|1mqv_B
57,ZN,A,1a7w,,[1],1,ZN,1a7w_A
58,ADP,A,1dad,,[27],1,MG|DNN|ATP|ADP|DAA|IKT|DSD|ACP|MN|DPU|DTB,1a82_A|1bs1_A|1dad_A|1dae_A|1daf_A|1dag_A|1dah_A|1dai_A|1dak_A|1dam_A
59,ZN,A,2d5b,,[1],1,ZN|MDS,1a8h_A|1woy_A|2d54_A|2d5b_A|3vu8_A
60,A1AH0,A,9awy,,[43],1,PME|DPN|CA|MG|Y4K|Y4Q|Y4U|A1AHP|A1AH0|A1AH2|A1AH6|A1AH1,1a8j_H|1a8j_L|1mcj_B|7l2c_D|7uel_L|8fo3_A|8fo3_B|8fo3_C|8fo3_D|8fo3_E|8fo3_F|8fo3_G|8fo3_H|8fo3_I|8fo3_J|8fo3_K|8fo3_L|8fo4_A|8fo4_B|8fo4_C|8fo4_D|8fo5_A|8fo5_B|8fo5_C|8fo5_D|9awx_A|9awx_B|9awx_C|9awx_D|9awy_A|9awy_B|9awy_C|9awy_D|9ax1_A|9ax1_B|9ax1_C|9ax1_D|9ax2_A|9ax2_B|9ax2_C|9ax2_D|9ax3_A|9ax3_B|9ax3_C|9ax3_D
61,FAD,A,1a8p,,[53],1,FAD,1a8p_A
62,GTP,A,1a8r,,[32],1,GTP|ZN,1a8r_A|1a8r_B|1a8r_C|1a8r_D|1a8r_E|1a8r_F|1a8r_G|1a8r_H|1a8r_I|1a8r_J|1a8r_K|1a8r_L|1a8r_M|1a8r_N|1a8r_O|1a9c_A|1a9c_B|1a9c_C|1a9c_D|1a9c_E|1a9c_F|1a9c_G|1a9c_H|1a9c_I|1a9c_J|1a9c_K|1a9c_L|1a9c_M|1a9c_N|1a9c_O|1fbx_A|1fbx_B|1fbx_C|1fbx_D|1fbx_E|1fbx_F|1fbx_G|1fbx_H|1fbx_I|1fbx_J|1fbx_K|1fbx_L|1fbx_M|1fbx_N|1fbx_O|1n3r_A|1n3r_B|1n3r_C|1n3r_D|1n3r_E|1n3r_F|1n3r_G|1n3r_H|1n3r_I|1n3r_J|1n3r_K|1n3r_L|1n3r_M|1n3r_N|1n3r_O|1n3s_A|1n3s_B|1n3s_C|1n3s_D|1n3s_E|1n3s_F|1n3s_G|1n3s_H|1n3s_I|1n3s_J|1n3t_A|1n3t_B|1n3t_C|1n3t_D|1n3t_E|1n3t_F|1n3t_G|1n3t_H|1n3t_I|1n3t_J|1n3t_K|1n3t_L|1n3t_M|1n3t_N|1n3t_O
63,CU,A,1a8v,,[1],1,CU,1a8v_A|1a8v_B
64,9D9,A,3fuc,,[22],1,9DI|HPA|NOS|R1P|IMG|IMH|GU7|CA|9PP|HA1|P1G|P1D|P2G|BTY|9D9,1a9p_A|1a9q_A|1a9r_A|1a9s_A|1a9t_A|1b8n_A|1b8o_A|1fxu_A|1lv8_A|1lv8_B|1lv8_C|1lv8_D|1lv8_E|1lv8_F|1lvu_A|1lvu_B|1lvu_C|1lvu_D|1lvu_E|1lvu_F|1v48_A|1vfn_A|2ai1_A|2ai2_A|2ai3_A|2qpl_A|3fuc_A|3fuc_B|3fuc_C
65,HEM,E,1a9w,,[43],1,HEM,1a9w_E|1a9w_F
66,UDP,A,5gy7,,[25],1,NAD|UPG|UDP|UD1|PDO|UFG|UFM|UPP,1a9y_A|1a9z_A|1kvq_A|1kvr_A|1kvs_A|1kvt_A|1kvu_A|1lrj_A|1lrk_A|1lrl_A|1nah_A|1nai_A|1uda_A|1udb_A|1udc_A|1xel_A|2udp_A|2udp_B|5gy7_A|5gy7_B
67,CU,A,2ov0,,[1],1,CU|CU1|CO|ZN,1aac_A|1aan_A|1bxa_A|1mda_A|1mda_B|1mg2_C|1mg2_G|1mg2_K|1mg2_O|1mg3_C|1mg3_G|1mg3_K|1mg3_O|1sf3_A|1sf5_A|1sfd_A|1sfd_B|1sfh_A|1sfh_B|1t5k_A|1t5k_B|1t5k_C|1t5k_D|2gb2_A|2gba_A|2gc4_C|2gc4_G|2gc4_K|2gc4_O|2idq_A|2ids_A|2idt_A|2idu_A|2j55_A|2j55_B|2j56_A|2j56_B|2j57_A|2j57_B|2j57_C|2j57_D|2mta_A|2ov0_A|2qdv_A|2qdw_A|2rac_A|3ie9_A|3iea_A|3l45_A|3ply_A|3ply_B|3ply_C|3ply_D|3rym_A|3rym_B|3rym_C|3rym_D|4p5r_A|4p5s_A
68,GLA,A,8abp,,[12],1,ARA|ARB|FCA|FCB|GLA|GAL,1abe_A|1abf_A|1apb_A|1bap_A|5abp_A|6abp_A|7abp_A|8abp_A|9abp_A
69,MAN,B,1abr,,[12],1,MAN,1abr_B
70,GLC,A,1ac0,,[12],1,GLC,1ac0_A|1acz_A
71,MYA,A,2cb8,,[63],1,COA|MYA|ZN,1aca_A|1nvl_A|2cb8_A|2cb8_B|2fj9_A
72,CA,A,3tew,,[1],1,CA|MXE,1acc_A|1t6b_X|3mhz_A|3q8a_A|3q8b_A|3q8c_A|3q8e_A|3q8f_A|3tew_A|3tex_A|3tey_A|3tez_A|4ee2_A|4h2a_A|4nam_A|5fr3_A
73,PAL,A,1ekx,,[16],1,PAL|PCT|NCD|CP|AL0|GLC|EOP|EOB|EOZ|6PR|ASP|1IP|CA,1acm_A|1acm_C|1at1_A|1at1_C|1d09_A|1d09_C|1ekx_A|1ekx_B|1ekx_C|1f1b_A|1f1b_C|1q95_A|1q95_B|1q95_C|1q95_D|1q95_E|1q95_F|1r0c_A|1r0c_G|1tth_A|1tth_C|1tu0_A|1tu0_C|1tug_A|1tug_C|1xjw_A|1xjw_C|1za2_A|1za2_C|2a0f_A|2air_A|2air_G|2at1_A|2at1_C|2fzc_A|2fzc_C|2fzg_A|2fzg_C|2fzk_A|2fzk_C|2h3e_A|2h3e_C|2hse_A|2hse_C|2ipo_A|2ipo_C|3at1_A|3at1_C|4f04_A|4f04_C|4kgv_A|4kgv_C|4kgx_A|4kgx_C|4kgz_A|4kgz_C|4kh0_A|4kh0_C|4kh1_A|4kh1_C|5vmq_C|7at1_A|7at1_C|8at1_A|8at1_C|8atc_A|8atc_C
74,NAD,A,1ad3,,[44],1,NAD,1ad3_A|1ad3_B
75,ZN,X,2wb0,,[1],1,ZN,1adu_A|1adu_B|1adv_A|1adv_B|1anv_A|2waz_X|2wb0_X
76,CU,A,3erx,,[1],1,CU,1adw_A|1adw_B|3erx_A|3erx_B|4bwt_A|4bwt_B|4bwu_A|4bwu_B|4bxv_A|4bxv_B
77,NAP,A,1ae1,,[48],1,NAP,1ae1_A|1ae1_B
78,E64,A,1aec,,[25],1,E64,1aec_A
79,CA,A,1dm5,,[1],1,CA,1aei_A|1aei_B|1aei_C|1aei_D|1aei_E|1aei_F|1dm5_A|1dm5_B|1dm5_C|1dm5_D|1dm5_E|1dm5_F
80,ZN,A,5d7w,,[1],1,ZN|CA|0Z9,1af0_A|1sat_A|1smp_A|1srp_A|4i35_A|5d7w_A
81,ZN,A,1ctt,,[1],1,ZN|U5P|CTD|DHZ|ZEB,1af2_A|1aln_A|1ctt_A|1ctu_A
82,CA,E,1r0r,,[1],1,CA|0EF|ZN|1AX,1af4_A|1be6_A|1be8_A|1bfk_A|1bfu_A|1c3l_A|1cse_E|1oyv_A|1oyv_B|1r0r_E|1sbc_A|1sca_A|1scb_A|1scd_A|1scn_E|1sel_A|1sel_B|1yu6_A|1yu6_B|2sec_E|2wuv_A|2wuw_E|3unx_A|4c3u_A|4c3v_A|4hx2_A|4hx2_C|6dwq_A
83,GLC,A,1af6,,[12],1,GLC|FRU|BGC,1af6_A|1af6_B|1af6_C|1mpm_A|1mpm_B|1mpm_C|1mpn_A|1mpn_B|1mpn_C|1mpo_A|1mpo_B|1mpo_C|1mpq_A|1mpq_B|1mpq_C
84,HG,A,1afj,,[0],1,HG,1afj_A
85,APL,B,1gg6,,[19],1,0FG|APL|FAF|HEX|LPF,1afq_B|1gg6_B|1ggd_B|1gmd_F|7gch_F
86,CU,A,1ag6,,[1],1,CU|CU1,1ag6_A|1oow_A|1tef_A|1tef_B|1teg_A|1teg_B|1ylb_B|2pcf_A
87,ZN,A,1d1t,,[1],1,ZN|NAD,1agn_A|1agn_B|1agn_C|1agn_D|1d1s_A|1d1s_B|1d1s_C|1d1s_D|1d1t_A|1d1t_B|1d1t_C|1d1t_D
88,NAP,A,1ah4,,[48],1,NAP|SBI|TOL|I84,1ah0_A|1ah3_A|1ah4_A|1eko_A
89,ZN,A,1ah7,,[1],1,ZN|3PC|PC5,1ah7_A|1p5x_A|1p6d_A|1p6e_A|2ffz_A|2fgn_A|2huc_A
90,ADE,A,6loz,,[10],1,ADE|FMP|ADN|FMC|MY6|RIP|GUN|FCA|BGC|FRU|GAL|GLC|M7G|MGP|KAN|FGM|AAG|BMA|LP5|AMU|ASC|ETN|URA|ARG|ALA|DA2|URF|UDP|UTP|5GP|NCA|CYT|C5P|CTP|211|CTN|CDP|URI|RIB|CMP|ADP|4UO|D5M|AMP,1aha_A|1ahb_A|1mrg_A|1mrh_A|3mry_A|3my6_A|3n1d_A|3n1n_A|3n31_A|3n5d_A|3nfm_A|3njs_A|3nx9_A|3q4p_A|3qji_A|3rl9_A|3sj6_A|3u6t_A|3u6z_A|3u70_A|3u8f_A|3v14_A|3v2k_A|4emf_A|4emr_A|4f9n_A|4fxa_A|4fz9_A|4guw_A|4h0z_A|4hoa_A|4i47_A|4jtp_A|4k2z_A|4kpv_A|4lt4_A|4lwx_A|4m5a_A|4o0o_A|4o4q_A|4o8e_A|4q9f_A|4yp2_B|4zt8_A|4zu0_A|4zz6_A|5cf9_B|5cix_A|5cso_A|5cst_A|5ilw_A|5ilx_A|5wv1_A|5y48_A|6loq_A|6lor_A|6lov_A|6low_A|6loy_A|6loz_A|6lp0_A
91,CHO,A,1fmc,,[32],1,NAD|CHO|NAI,1ahh_A|1ahh_B|1ahi_A|1ahi_B|1fmc_A|1fmc_B
92,GLC,A,1l5w,,[12],1,GLC|PLP|BGC|G1P|SGC|ASO|VO4|AC1|A1H3V,1ahp_A|1ahp_B|1e4o_A|1e4o_B|1l5v_A|1l5v_B|1l5w_A|1l5w_B|1l6i_A|1l6i_B|1qm5_A|1qm5_B|2asv_A|2asv_B|2av6_A|2av6_B|2aw3_A|2aw3_B|2azd_A|2azd_B|2ecp_A|2ecp_B|8rvk_A
93,FAD,A,1e8g,,[53],1,FAA|FAD|NCR|EPT|EUG|FCR|ADP,1ahu_A|1ahu_B|1ahv_A|1ahv_B|1ahz_A|1ahz_B|1dzn_A|1dzn_B|1e0y_A|1e0y_B|1e8g_A|1e8g_B|1e8h_A|1e8h_B|1qlt_A|1qlt_B|1qlu_A|1qlu_B|1vao_A|1vao_B|1w1j_A|1w1j_B|1w1k_A|1w1k_B|1w1l_A|1w1l_B|1w1m_A|1w1m_B|2vao_A|2vao_B|5mxj_A|5mxj_B|5mxu_A|5mxu_B
94,NDP,A,1aoe,,[48],1,NDP|GW3|TQ3|TQ4|TQ5|TQ6|CLZ|MQ1|MQU|QLR|GLY|55V|N22|06U|14Q|53S|18G|18H,1ai9_A|1ai9_B|1aoe_A|1aoe_B|1ia1_A|1ia1_B|1ia2_A|1ia2_B|1ia3_A|1ia3_B|1ia4_A|1ia4_B|1m78_A|1m78_B|1m79_A|1m79_B|1m7a_A|1m7a_B|3qlr_A|3qlr_B|3qls_A|3qls_B|3qlw_A|3qlw_B|4h95_A|4h95_B|4h96_A|4h96_B|4h97_A|4h97_B|4hoe_A|4hoe_B|4hof_A|4hof_B
95,MG,C,1aih,,[1],1,MG,1aih_C
96,UMC,A,6nnr,,[20],1,UMP|DDU|MTX|DUR|UFP|TMF|TP2|TPR|TP3|TP4|DDT|LY3|LYB|LYD|THG|F89|DGP|C2F|TMP|DHF|GA9|2BR|PFG|D16|NDU|NDN|MEF|UMC|1JY|CF9|VLA|VLD|5HU|VMV|VNM,1aiq_A|1aiq_B|1aob_A|1axw_A|1axw_B|1bdu_A|1bid_A|1bjg_A|1bq1_A|1bq1_B|1ddu_A|1ddu_B|1dna_A|1dna_B|1f4c_A|1f4c_B|1f4d_A|1f4d_B|1f4e_A|1f4f_A|1f4f_B|1f4g_A|1f4g_B|1jg0_A|1jg0_B|1jtq_A|1jtq_B|1jtu_A|1jtu_B|1jut_A|1jut_B|1kce_A|1kce_B|1kzi_A|1kzi_B|1kzj_A|1kzj_B|1kzj_C|1kzj_D|1kzj_E|1kzj_F|1nce_A|1nce_B|1syn_A|1syn_B|1tdu_A|1tdu_B|1tlc_A|1tlc_B|1tls_A|1tls_B|1trg_A|1tsd_A|1tsd_B|1tsn_A|1tys_A|1zpr_A|1zpr_B|2a9w_A|2a9w_B|2a9w_C|2a9w_D|2bbq_A|2bbq_B|2fto_X|2kce_A|2kce_B|2tsc_A|2tsc_B|2vet_A|2vf0_A|2vf0_B|3b5b_A|3b5b_B|3b9h_A|3bfi_A|3bgx_A|3bhl_A|3bhl_B|3bhr_A|4gev_A|4gev_B|4isk_A|4isk_B|4isk_C|4isk_D|4isk_E|4isk_F|4isk_G|4isk_H|4lrr_A|6cdz_A|6cdz_B|6nnr_A|6nnr_B|7jx1_A|7jx1_B|7jxf_A|7jxf_B
97,COA,A,1aj8,,[48],1,COA,1aj8_A|1aj8_B
98,ZN,A,3tg0,,[1],1,ZN|MG|PAE|MMQ|AF3|CO|WO4,1ajb_A|1ajb_B|1ajc_A|1ajc_B|1ajd_A|1ajd_B|1alh_A|1alh_B|1ali_A|1ali_B|1alj_A|1alj_B|1alk_A|1alk_B|1ani_A|1ani_B|1anj_A|1anj_B|1b8j_A|1b8j_B|1ed8_A|1ed8_B|1ed9_A|1ed9_B|1elx_A|1elx_B|1ely_A|1ely_B|1elz_A|1elz_B|1ew8_A|1ew8_B|1ew9_A|1ew9_B|1hjk_A|1hjk_B|1hqa_A|1hqa_B|1kh4_A|1kh4_B|1kh5_A|1kh5_B|1kh7_A|1kh7_B|1kh9_A|1kh9_B|1khj_A|1khj_B|1khk_A|1khk_B|1khl_A|1khl_B|1khn_A|1khn_B|1ura_A|1ura_B|1urb_A|1urb_B|1y6v_A|1y6v_B|1y7a_A|1y7a_B|2anh_A|2anh_B|2g9y_A|2g9y_B|2ga3_A|2ga3_B|3bdh_A|3bdh_B|3cmr_A|3cmr_B|3dyc_A|3dyc_B|3tg0_A|3tg0_B|3tg0_C|3tg0_D|4km4_A|4km4_B|4yr1_A|4yr1_B|5c66_A|5c66_B|5tpq_A|5tpq_B
99,CA,A,1ajj,,[1],1,CA,1ajj_A
