,ligand_id,tar_protein,tar_chain,src_protein,src_chain,cath_degree,src_ligand_n_atoms,tar_ligand_n_atoms,src_ligand,tar_ligand,ligand_rmsd,embedding_similarity,corr_rmsd,entropy,atom_type_fraction,radius_of_gyration
0,HEM,apo4e63ebcfcd,A,apo5823cc418b,A,0,[43],[43],HEM,HEM,4.962201118469238,2.1626334190368652,1.4488956928253174,0.6992635130882263,0.8129742741584778,1.300810694694519
1,K,apo8711722b82,A,apob2881074d9,A,0,[1],[1],K,K,3.178271770477295,1.9375648498535156,1.6981678009033203,0.7259499430656433,0.8926410675048828,1.052348017692566
2,TYD,apoa6cedd5e6c,A,apoe9a08fdd69,A,0,[25],[25],TYD,TYD,6.849140167236328,2.4334380626678467,1.5431064367294312,0.7539944052696228,0.640022337436676,1.154861569404602
3,CA,apoecb5e337e5,A,apo1b60791aa4,A,0,[1],[1],CA,CA,6.567511558532715,2.581423282623291,1.4612596035003662,0.7079330086708069,0.8928449749946594,1.424820065498352
4,GST,apo5d38d709ef,A,apo35213b46ab,A,0,[19],[19],GST,GST,5.630511283874512,2.351149559020996,1.6040959358215332,0.7241369485855103,0.7168283462524414,1.314218521118164
5,CA,apocadb7c2579,A,apo503f36beee,A,0,[1],[1],CA,CA,6.845939636230469,2.5626046657562256,1.429729700088501,0.7160186171531677,0.8285885453224182,1.2590662240982056
6,PC,apo65f5d6f793,A,apo5c5bfeb367,A,0,[11],[11],PC,PC,8.426206588745117,2.518880605697632,1.4737056493759155,0.6841950416564941,0.8121476173400879,1.060849666595459
7,CA,apo04186af2ae,A,apo59407ed774,A,0,[1],[1],CA,CA,7.4448957443237305,2.5032196044921875,1.5397158861160278,0.7485579252243042,0.925224781036377,1.0244642496109009
8,8AC,apob05a3e8d18,A,apo17e36f8dd7,A,0,[11],[11],8AC,8AC,8.120523452758789,2.495028018951416,1.541507363319397,0.7522881627082825,0.5712303519248962,1.0293867588043213
9,CA,apob0245a33ae,A,apo1625ada5d0,A,0,[1],[1],CA,CA,7.409510612487793,2.2907657623291016,1.5626471042633057,0.7373131513595581,0.9105794429779053,1.1408289670944214
10,AND,apo61699997d9,A,apoc964a91256,A,0,[21],[21],AND,AND,7.282454967498779,2.3799352645874023,1.5143696069717407,0.7240266799926758,0.7428774237632751,1.2418708801269531
11,CA,apoa9552e4c16,A,apo815c8f095d,A,0,[1],[1],CA,CA,7.198772430419922,2.420339584350586,1.6191343069076538,0.675577700138092,0.8467785120010376,1.4665143489837646
12,SIA,apof988af7c38,A,apo853b93903a,A,0,[21],[21],SIA,SIA,7.044060230255127,2.3933231830596924,1.6065562963485718,0.6326229572296143,0.9168261885643005,1.2946008443832397
13,IPE,apof80eee5ece,A,apo76b71509fd,A,0,[14],[14],IPE,IPE,4.094997406005859,2.636408567428589,1.4869447946548462,0.75443434715271,0.8530359268188477,1.2115442752838135
14,IPE,apoba69899eaa,A,apo76b71509fd,A,0,[14],[14],IPE,IPE,6.543248176574707,2.2781856060028076,1.6057449579238892,0.7079992890357971,0.7642068862915039,1.1403847932815552
15,CA,apoeab59ce7a3,A,apodb380f2596,A,0,[1],[1],CA,CA,7.43479061126709,2.713995933532715,1.3261120319366455,0.6786555647850037,0.8366278409957886,1.2176474332809448
16,TTP,apo95216f807b,A,apob9237ccc51,A,0,[29],[29],TTP,TTP,4.7032084465026855,2.5544769763946533,1.4066815376281738,0.6784216165542603,0.9226373434066772,1.2844542264938354
17,K,apo5634e23ee1,A,apob2881074d9,A,0,[1],[1],K,K,3.88276743888855,2.173901081085205,1.5307507514953613,0.7330103516578674,0.8562299013137817,1.2248287200927734
18,CA,apo7a08484515,A,apoa93b040613,A,0,[1],[1],CA,CA,8.59399127960205,2.1191985607147217,1.424489974975586,0.6636070013046265,0.4006219506263733,1.2964320182800293
19,M6P,apoc2bc90b024,A,apoba014d106c,A,0,[16],[16],M6P,M6P,9.113652229309082,1.9244941473007202,1.5112535953521729,0.514126718044281,0.3412017524242401,1.5712544918060303
20,PC,apo65f5d6f793,A,apo6142d24d09,A,0,[11],[11],PC,PC,8.422307014465332,2.3146190643310547,1.5434657335281372,0.6895520687103271,0.49444860219955444,1.1643849611282349
21,CA,apoaefadbf3fd,A,apo65abf4c256,A,0,[1],[1],CA,CA,8.628950119018555,1.7103233337402344,1.6630464792251587,0.6028647422790527,0.7754921913146973,2.4032771587371826
22,CA,apoeab59ce7a3,A,apo5cc8e075e4,A,0,[1],[1],CA,CA,1.6470733880996704,3.6210246086120605,1.0647928714752197,0.731106162071228,0.9916423559188843,1.0436781644821167
23,SAM,apo865b191f3d,A,apo89e4b80ffd,A,0,[27],[27],SAM,SAM,2.232811450958252,3.0155749320983887,1.4099817276000977,0.7462167739868164,0.7439694404602051,1.046465277671814
24,LDP,apo00dc35d023,A,apo763b5b9130,A,0,[11],[11],LDP,LDP,2.8599441051483154,2.4197301864624023,1.4227101802825928,0.7243642807006836,0.6217018365859985,1.2487326860427856
25,GOA,apo513d86a1e9,A,apod4db826ba9,A,0,[5],[5],GOA,GOA,2.4691390991210938,2.1150898933410645,1.7904728651046753,0.7277425527572632,0.8585948944091797,1.0197685956954956
26,CA,apo611246f80b,A,apo1b60791aa4,A,0,[1],[1],CA,CA,6.528838634490967,2.4011356830596924,1.7431669235229492,0.7066547870635986,0.8474966883659363,1.0552504062652588
27,HJX,apof3d7244594,A,apo4d69c18b84,A,0,[25],[25],HJX,HJX,4.780272960662842,2.5152523517608643,1.950926423072815,0.668351411819458,0.5671176910400391,1.309352159500122
28,CA,apo55530f17d8,A,apo6bb466ccde,A,0,[1],[1],CA,CA,8.293646812438965,2.1035900115966797,1.4059122800827026,0.6968661546707153,0.900109052658081,1.1005966663360596
29,SAM,apof29fc40d1c,A,apo89e4b80ffd,A,0,[27],[27],SAM,SAM,2.026625633239746,3.0986385345458984,1.3802027702331543,0.6902475357055664,0.5820837020874023,1.2067387104034424
30,SAM,apo3edaafd604,A,apo89e4b80ffd,A,0,[27],[27],SAM,SAM,1.897896409034729,3.15478777885437,1.4484983682632446,0.7233766913414001,0.4797702133655548,1.0948309898376465
31,RBF,apo489c48cc19,A,apo9e85e46298,A,0,[27],[27],RBF,RBF,4.7724409103393555,2.440215587615967,1.6385960578918457,0.7050721049308777,0.5869218707084656,1.225157618522644
32,CA,apo272cbfc249,A,apo5bc1ebc663,A,0,[1],[1],CA,CA,6.344347953796387,2.5561771392822266,1.397570252418518,0.7493827939033508,0.948245108127594,1.2425543069839478
33,FUL,apo89592d36e4,A,apo9b541a929a,A,0,[10],[11],FUL,FUL,7.799036502838135,2.096662759780884,1.4651809930801392,0.5930931568145752,0.917289674282074,1.0297826528549194
34,RBF,apo489c48cc19,A,apo5d61b7f6bc,A,0,[27],[27],RBF,RBF,5.795434474945068,2.3757822513580322,1.4685776233673096,0.7024996876716614,0.9393898248672485,1.1848011016845703
35,CA,apoaaff05812f,A,apo94be85d7c5,A,0,[1],[1],CA,CA,1.974831461906433,1.990501880645752,1.451723337173462,0.7305737137794495,0.6975365281105042,0.9252907037734985
36,IPE,apof80eee5ece,A,apoba69899eaa,A,0,[14],[14],IPE,IPE,5.821142673492432,2.618414878845215,1.8585880994796753,0.7012493014335632,0.544185221195221,1.538362979888916
37,SAM,apofd7fa63b48,A,apo05ecfae4e4,A,0,[27],[27],SAM,SAM,7.042006969451904,2.5004281997680664,1.4510902166366577,0.7490086555480957,0.8230896592140198,1.1554216146469116
38,DGT,apobdfd5ed6c5,A,apoc4f9eb2339,A,0,[31],[31],DGT,DGT,8.003400802612305,2.162954330444336,1.6556189060211182,0.6978340148925781,0.9033836722373962,1.0498135089874268
39,RBF,apo9e85e46298,A,apo3272937f0a,A,0,[27],[27],RBF,RBF,4.791614055633545,2.8605198860168457,1.5609534978866577,0.6923784017562866,0.7580013275146484,1.1362402439117432
40,CA,apodbc78138bd,A,apo5bc1ebc663,A,0,[1],[1],CA,CA,7.208582401275635,2.4800820350646973,1.5840578079223633,0.6990428566932678,0.8904641270637512,1.062009572982788
41,PC,apo1fa22c9d6d,A,apo6142d24d09,A,0,[11],[11],PC,PC,3.1171152591705322,2.1521005630493164,1.6881779432296753,0.6765573620796204,0.8409356474876404,1.1769933700561523
42,CA,apod1879f4c59,A,apoff6aa213a4,A,0,[1],[1],CA,CA,8.2291259765625,2.178983688354492,1.5102242231369019,0.6935809850692749,0.8653865456581116,1.1689473390579224
43,CA,apoe5b87a2964,A,apo1f1eadbb5e,A,0,[1],[1],CA,CA,5.164524078369141,2.500579357147217,1.5331194400787354,0.7246333956718445,0.7633198499679565,1.311735987663269
44,CA,apo9657183e42,A,apo1f2f0c2bd6,A,0,[1],[1],CA,CA,6.9351606369018555,2.526435613632202,1.662081241607666,0.6179077625274658,0.8909947872161865,1.4338518381118774
45,GOA,apo87ada52d5e,A,apod4db826ba9,A,0,[5],[5],GOA,GOA,1.9567054510116577,2.353470802307129,1.4209710359573364,0.6950650215148926,0.7993554472923279,1.0195574760437012
46,SAM,apo0c4f651c46,A,apo218b3ecdc8,A,0,[27],[27],SAM,SAM,7.150137901306152,1.478868007659912,1.5949854850769043,0.6501087546348572,0.6944397687911987,1.2198668718338013
47,SAM,apofd7fa63b48,A,apoa638c313e9,A,0,[27],[27],SAM,SAM,7.036425590515137,2.6569550037384033,1.4889620542526245,0.7266180515289307,0.5464276075363159,1.3239189386367798
48,SAM,apofd7fa63b48,A,apof8638bc184,A,0,[27],[27],SAM,SAM,7.115511894226074,2.455749034881592,1.4715358018875122,0.7363771200180054,0.7995882034301758,1.1941760778427124
49,M6P,apoc2bc90b024,A,apo703b2f492b,A,0,[16],[16],M6P,M6P,8.362436294555664,1.8346946239471436,1.762759804725647,0.5690318942070007,0.9597023725509644,1.9071228504180908
50,PC,apo1fa22c9d6d,A,apo5c5bfeb367,A,0,[11],[11],PC,PC,3.8774168491363525,2.2597596645355225,1.4347070455551147,0.6234996318817139,0.9758069515228271,1.1759283542633057
51,SAM,apoe9ca86fe93,A,apo89e4b80ffd,A,0,[27],[27],SAM,SAM,2.276810646057129,3.1181304454803467,1.4715262651443481,0.7610475420951843,0.6734851598739624,0.9343212246894836
52,K,apo7398b20969,A,apo559322ca14,A,0,[1],[1],K,K,7.45086669921875,2.5497865676879883,1.5454583168029785,0.7140725255012512,0.8608531951904297,1.1306852102279663
53,TTP,apo95216f807b,A,apoba6c9a6a3d,A,0,[29],[29],TTP,TTP,4.534315586090088,2.544687509536743,1.4622191190719604,0.6349892020225525,0.7022876143455505,1.3857953548431396
54,CA,apo1db3de77a4,A,apocbfc78a383,A,0,[1],[1],CA,CA,7.60192346572876,1.9554729461669922,1.6292308568954468,0.6292882561683655,0.665514349937439,1.0348503589630127
55,SAM,apofd7fa63b48,A,apodba9c249dc,A,0,[27],[27],SAM,SAM,6.983120441436768,2.595834732055664,1.4938700199127197,0.7266717553138733,0.8713772892951965,1.1780425310134888
56,IPE,apoba69899eaa,A,apo76b71509fd,A,0,[14],[14],IPE,IPE,6.543252468109131,2.2781920433044434,1.605741024017334,0.7079980373382568,0.7642138004302979,1.1403881311416626
57,CA,apodbc78138bd,A,apo80f64848d9,A,0,[1],[1],CA,CA,7.0745062828063965,2.0168848037719727,1.624038815498352,0.6926320791244507,0.7294760942459106,1.317587971687317
58,FDA,apo0e970d49e6,A,apo0e37ab3f3e,A,0,[53],[53],FDA,FDA,3.471463918685913,2.9419002532958984,1.6266552209854126,0.7067614793777466,0.6604504585266113,1.3431156873703003
59,GOA,apoa80b2969e4,A,apod4db826ba9,A,0,[5],[5],GOA,GOA,5.128795623779297,2.6078710556030273,1.5926309823989868,0.7085766196250916,0.883931040763855,1.0900238752365112
60,DGT,apo837ecb6e97,A,apoc4f9eb2339,A,0,[31],[31],DGT,DGT,7.4557576179504395,1.8074311017990112,1.4606517553329468,0.5608084201812744,0.8628629446029663,1.1428475379943848
61,PC,apo1014cc4ff4,A,apo5c5bfeb367,A,0,[11],[11],PC,PC,3.3510398864746094,2.827894449234009,1.4429951906204224,0.7305542826652527,0.9128000736236572,1.1653417348861694
62,SIA,apodab3a045c8,A,apof988af7c38,A,0,[21],[21],SIA,SIA,6.884244441986084,2.178858518600464,1.6970775127410889,0.673283040523529,0.9864811301231384,1.087396502494812
63,CA,apod80d2a9b3a,A,apo810e52ea19,A,0,[1],[1],CA,CA,3.465419054031372,2.3811779022216797,1.5273374319076538,0.7325961589813232,0.8310763239860535,1.0533415079116821
64,TYD,apoe9a08fdd69,A,apo7b54455720,A,0,[25],[25],TYD,TYD,6.647623062133789,2.5578906536102295,1.4937376976013184,0.6923090815544128,0.8198152184486389,1.266929030418396
65,SAM,apod86559e079,A,apo89e4b80ffd,A,0,[27],[27],SAM,SAM,3.095909833908081,2.888731002807617,1.506348967552185,0.7131937146186829,0.7931889295578003,1.0949175357818604
66,BU3,apob0d1d6ffe4,A,apo383dde2faf,A,0,[6],[6],BU3,BU3,6.655771255493164,2.6148428916931152,1.3597636222839355,0.738182783126831,0.8862012624740601,1.2950111627578735
67,CA,apodf827aa445,A,apo3220de4343,A,0,[1],[1],CA,CA,6.616924285888672,2.1749379634857178,1.56339430809021,0.7048236727714539,0.5074028968811035,1.1748210191726685
68,NAI,apo1b33a4a05a,A,apo7b762ca870,A,0,[44],[27],NAI,NAI,2.6294643878936768,2.9404377937316895,1.2913416624069214,0.6968870759010315,0.8362054824829102,1.3420240879058838
69,TYD,apob8d00776c6,A,apoe9a08fdd69,A,0,[25],[25],TYD,TYD,6.150931358337402,2.381895065307617,1.46444571018219,0.7327763438224792,0.8468183279037476,1.191227912902832
70,CA,apob5a9b927cc,A,apo858a2f6cdf,A,0,[1],[1],CA,CA,8.20362663269043,2.337055206298828,1.4539533853530884,0.679149329662323,0.8303849697113037,1.1187304258346558
71,CA,apo60591259c2,A,apo304842bce3,A,0,[1],[1],CA,CA,6.710262775421143,2.094144344329834,1.464614748954773,0.6675089001655579,0.9247018694877625,1.3810945749282837
72,CA,apoc3e7e3ba77,A,apo130901746c,A,0,[1],[1],CA,CA,5.797128200531006,2.8086605072021484,1.423904299736023,0.7500988245010376,0.7479906678199768,1.1041501760482788
73,CA,apo65bc71504e,A,apo42ee28e6c7,A,0,[1],[1],CA,CA,8.103431701660156,2.4712605476379395,1.416623830795288,0.6810829043388367,0.899251401424408,1.0454514026641846
74,NAI,apo46e1642176,A,apo7b762ca870,A,0,[44],[44],NAI,NAI,3.6628198623657227,2.8741705417633057,1.3712843656539917,0.7230490446090698,0.7889158725738525,1.2454402446746826
75,RBF,apo5d61b7f6bc,A,apo3272937f0a,A,0,[27],[27],RBF,RBF,5.756812572479248,2.633127450942993,1.6598433256149292,0.6886347532272339,0.7325878143310547,1.0128912925720215
76,NAI,apo46e1642176,A,apo7b762ca870,A,0,[44],[44],NAI,NAI,3.6628201007843018,2.8741719722747803,1.371283769607544,0.7230488657951355,0.7889159917831421,1.24544095993042
77,TYD,apo4d523eb2b1,A,apobdb30dfd1f,A,0,[25],[25],TYD,TYD,3.3938779830932617,2.8927488327026367,1.5518406629562378,0.7524439692497253,0.8410377502441406,1.1298868656158447
78,NAI,apo7b762ca870,A,apo7dcb3916e0,A,0,[44],[44],NAI,NAI,3.2222681045532227,2.943922758102417,1.317359447479248,0.7148554921150208,0.9073512554168701,1.3384052515029907
79,CA,apo61ed8a63df,A,apoda72bed2b4,A,0,[1],[1],CA,CA,6.5844011306762695,2.6112592220306396,1.4970394372940063,0.743480384349823,0.869154691696167,1.10822331905365
80,CA,apocc276a8f52,A,apo7ddf501435,A,0,[1],[1],CA,CA,8.412973403930664,2.0016355514526367,1.4410581588745117,0.6811413764953613,0.8462656140327454,1.143282175064087
81,CA,apo3dd5c1bbb8,A,apo42ee28e6c7,A,0,[1],[1],CA,CA,7.529447078704834,2.8537070751190186,1.4173780679702759,0.7741128206253052,0.7756403088569641,1.0710142850875854
82,K,apo144c39e067,A,apo559322ca14,A,0,[1],[1],K,K,8.182937622070312,1.9801636934280396,1.5714023113250732,0.6627670526504517,0.6357282996177673,0.9069550633430481
83,NAI,apo7b762ca870,A,apo172e797b27,A,0,[44],[44],NAI,NAI,3.8285939693450928,2.3017778396606445,1.484835147857666,0.7107728719711304,0.747785210609436,1.1861664056777954
84,CA,apo3a080626a0,A,apo9e950711d5,A,0,[1],[1],CA,CA,5.540497303009033,2.181912899017334,1.6562143564224243,0.7272322773933411,0.6112281084060669,1.2165236473083496
85,K,apo144c39e067,A,apob2881074d9,A,0,[1],[1],K,K,7.655576229095459,2.270507335662842,1.5101354122161865,0.7380611896514893,0.7748421430587769,1.0590593814849854
86,NAI,apo7d09abd904,A,apo7b762ca870,A,0,[44],[44],NAI,NAI,3.4119372367858887,2.766221284866333,1.316662073135376,0.7088430523872375,0.7176794409751892,1.275794267654419
87,NAI,apo38e8d09865,A,apo7b762ca870,A,0,[44],[44],NAI,NAI,3.475862979888916,2.8881995677948,1.40142822265625,0.7174491882324219,0.8515411019325256,1.3286367654800415
88,CA,apob138a767a5,A,apo14bbc9c150,A,0,[1],[1],CA,CA,9.394454956054688,2.053107500076294,1.6581425666809082,0.5574001669883728,0.8437836170196533,1.703961730003357
89,CA,apoefa4b72f8e,A,apoeb97dbe4bc,A,0,[1],[1],CA,CA,7.388320446014404,2.9677467346191406,1.3447412252426147,0.7428125739097595,0.882908046245575,1.1247010231018066
90,CA,apofcd089e1cf,A,apocc276a8f52,A,0,[1],[1],CA,CA,8.09850025177002,2.082740545272827,1.6264468431472778,0.6896145939826965,0.8931792974472046,1.2007040977478027
91,CA,apo8678efc2c6,A,apo45c959d6cb,A,0,[1],[1],CA,CA,5.449708938598633,2.5534093379974365,1.5525109767913818,0.737328290939331,0.7405882477760315,1.1449452638626099
92,CA,apobbaf3d7632,A,apo1625ada5d0,A,0,[1],[1],CA,CA,7.625363349914551,2.436678886413574,1.6876126527786255,0.7312548756599426,0.7199746966362,1.0657318830490112
93,K,apo8711722b82,A,apo559322ca14,A,0,[1],[1],K,K,5.392472743988037,2.4000327587127686,1.659197211265564,0.7042067050933838,0.7982769012451172,1.148445963859558
94,CA,apo9bc56b62c9,A,apo0d650c653e,A,0,[1],[1],CA,CA,8.728779792785645,2.6634140014648438,1.8055824041366577,0.7433740496635437,0.7506160140037537,1.2269560098648071
95,NAI,apo3fdb14322f,A,apo7b762ca870,A,0,[44],[44],NAI,NAI,3.7476160526275635,2.8861613273620605,1.3757740259170532,0.7165591716766357,0.8614528775215149,1.2177456617355347
96,CA,apob2506f0bab,A,apo839ba0fe05,A,0,[1],[1],CA,CA,7.881530284881592,2.181922435760498,1.5832422971725464,0.7494340538978577,0.9503121972084045,1.0411982536315918
97,CA,apob9b68ff5cd,A,apo6ce612a48c,A,0,[1],[1],CA,CA,7.77064847946167,2.3494739532470703,1.34360671043396,0.7255890369415283,0.8677005171775818,1.2556321620941162
98,CA,apo4a35304363,A,apo07fe470751,A,0,[1],[1],CA,CA,7.938984394073486,2.476707696914673,1.6861522197723389,0.733440637588501,0.7515162229537964,1.1214829683303833
99,CA,apo655bc21a73,A,apo7cf6d3da76,A,0,[1],[1],CA,CA,7.188802242279053,2.4615328311920166,1.408125877380371,0.7411292195320129,0.7649121880531311,1.2181944847106934
100,K,apob2881074d9,A,apo559322ca14,A,0,[1],[1],K,K,6.068312168121338,1.773801326751709,1.6657788753509521,0.6427620053291321,0.948722779750824,1.117254614830017
101,CA,apo1db3de77a4,A,apo55530f17d8,A,0,[1],[1],CA,CA,7.711301326751709,1.8239331245422363,1.5315423011779785,0.7116304039955139,0.7986588478088379,1.2380765676498413
102,PQQ,apof55a791b1b,A,apo2936580b07,A,0,[24],[24],PQQ,PQQ,1.4290379285812378,2.495410680770874,1.5041289329528809,0.750444233417511,0.8298254013061523,1.0991662740707397
103,K,apo7398b20969,A,apob2881074d9,A,0,[1],[1],K,K,6.124654769897461,2.3977365493774414,1.478310465812683,0.7609865665435791,0.8831414580345154,1.1177910566329956
104,K,apo7d447b2b3e,A,apo559322ca14,A,0,[1],[1],K,K,7.572247505187988,2.485328197479248,1.5755062103271484,0.7073756456375122,0.8396931290626526,1.125149130821228
105,CA,apo52004af1d3,A,apof613711cdc,A,0,[1],[1],CA,CA,5.176192283630371,2.74234676361084,1.4633883237838745,0.6824972033500671,0.8363093137741089,1.430582046508789
106,CA,apo7e0df809cd,A,apoc139b12710,A,0,[1],[1],CA,CA,7.8005499839782715,2.1877851486206055,1.407199740409851,0.7541098594665527,0.7752074003219604,1.1844353675842285
107,CA,apo92079f482f,A,apo0808554265,A,0,[1],[1],CA,CA,4.463972091674805,2.4092302322387695,1.3812764883041382,0.7186279296875,0.806456983089447,1.188692331314087
108,K,apo5634e23ee1,A,apo559322ca14,A,0,[1],[1],K,K,5.736356735229492,2.4966189861297607,1.5500011444091797,0.7035186886787415,0.9155824780464172,1.136309027671814
109,TYD,apo3721324a05,A,apoe9a08fdd69,A,0,[25],[25],TYD,TYD,6.953370094299316,2.603292465209961,1.553418755531311,0.7593029737472534,0.7120341062545776,1.0151431560516357
110,TYD,apo4d523eb2b1,A,apo0119d595d5,A,0,[25],[25],TYD,TYD,3.7098731994628906,2.6399476528167725,1.445900321006775,0.7785773277282715,0.8400381207466125,1.0150046348571777
111,PC,apo1014cc4ff4,A,apo6142d24d09,A,0,[11],[11],PC,PC,3.9280526638031006,2.3508222103118896,1.6379890441894531,0.7185254096984863,0.8128387928009033,1.1047414541244507
112,PQQ,apof55a791b1b,A,apo6ec54966a0,A,0,[24],[24],PQQ,PQQ,3.9633948802948,2.027473211288452,1.4877336025238037,0.682990550994873,0.8024922609329224,1.2090681791305542
113,M6P,apoc2bc90b024,A,apo88a64fa370,A,0,[16],[16],M6P,M6P,8.114141464233398,1.7260792255401611,1.6539885997772217,0.5656424760818481,0.859612762928009,1.5673960447311401
114,SIA,apo0d0b42695c,A,apof988af7c38,A,0,[21],[21],SIA,SIA,6.737725257873535,2.8583884239196777,1.2809923887252808,0.7264782190322876,0.9527755975723267,1.0015869140625
115,DGT,apoc4f9eb2339,A,apo88e22e69c7,A,0,[31],[31],DGT,DGT,7.270136833190918,2.1233696937561035,1.696394920349121,0.6442315578460693,0.693139374256134,1.1497544050216675
116,TYD,apo4d523eb2b1,A,apob8d00776c6,A,0,[25],[25],TYD,TYD,4.310151100158691,2.61445689201355,1.4571418762207031,0.7513316869735718,0.6616997718811035,1.1370418071746826
117,TYD,apo4d523eb2b1,A,apo3721324a05,A,0,[25],[25],TYD,TYD,3.185107707977295,2.6597230434417725,1.4652217626571655,0.7435766458511353,0.8234041333198547,1.1920028924942017
118,K,apo22b84035b3,A,apo559322ca14,A,0,[1],[1],K,K,5.455969333648682,1.9440221786499023,1.5429493188858032,0.7260392308235168,0.7764015197753906,0.970898449420929
119,TTP,apo95216f807b,A,apo07a533bd13,A,0,[29],[29],TTP,TTP,5.397307395935059,2.599883556365967,1.514245629310608,0.7148087620735168,0.8902907967567444,1.1472300291061401
120,TTP,apodca2890c4d,A,apo95216f807b,A,0,[29],[29],TTP,TTP,7.85731840133667,1.9761943817138672,1.8848071098327637,0.6568928360939026,0.871692955493927,1.1690750122070312
121,TTP,apo1450cb4c8a,A,apo95216f807b,A,0,[29],[29],TTP,TTP,4.019503116607666,2.575873374938965,1.4019242525100708,0.7058165073394775,0.8295814394950867,1.1577057838439941
122,K,apob680d44f71,A,apo559322ca14,A,0,[1],[1],K,K,4.839544296264648,2.253242254257202,1.6455960273742676,0.6813059449195862,0.8879798054695129,1.060750961303711
123,K,apoa91505152f,A,apo559322ca14,A,0,[1],[1],K,K,8.062824249267578,2.164989709854126,1.4313340187072754,0.7262944579124451,0.8370636105537415,0.8489410877227783
124,TYD,apo4d523eb2b1,A,apoa6cedd5e6c,A,0,[25],[25],TYD,TYD,3.3406784534454346,2.777223587036133,1.4195388555526733,0.7878432869911194,0.6761286854743958,1.0133625268936157
125,TYD,apo0119d595d5,A,apoe9a08fdd69,A,0,[25],[25],TYD,TYD,6.991891860961914,2.470012664794922,1.4786796569824219,0.7402248382568359,0.6960991024971008,1.227386713027954
126,PQQ,apof55a791b1b,A,apodeac7d5194,A,0,[24],[24],PQQ,PQQ,3.381319046020508,2.2748398780822754,1.6100373268127441,0.7243189215660095,0.7849078178405762,1.2413944005966187
127,K,apo22b84035b3,A,apob2881074d9,A,0,[1],[1],K,K,2.7804925441741943,2.5513558387756348,1.4144411087036133,0.7020303606987,0.9140967726707458,1.169884204864502
128,SIA,apo214d44df5b,A,apof988af7c38,A,0,[21],[20],SIA,SIA,4.580093860626221,2.5801358222961426,1.4679431915283203,0.6819140315055847,0.9481818079948425,1.2549996376037598
129,TYD,apo4d523eb2b1,A,apo7b54455720,A,0,[25],[25],TYD,TYD,4.605513572692871,2.380331039428711,1.511063575744629,0.7183995246887207,0.5313113331794739,1.2969202995300293
130,TYD,apobdb30dfd1f,A,apoe9a08fdd69,A,0,[25],[25],TYD,TYD,6.858386039733887,2.305083751678467,1.5647447109222412,0.7510507702827454,0.7362716197967529,1.0700502395629883
131,SIA,apo23874c7c22,A,apof988af7c38,A,0,[21],[21],SIA,SIA,8.125884056091309,2.285996437072754,1.5296577215194702,0.7242230772972107,0.9243065118789673,1.214150309562683
132,SIA,apo7d78760229,A,apof988af7c38,A,0,[21],[21],SIA,SIA,8.31321907043457,2.2065823078155518,1.4902749061584473,0.6607821583747864,0.9447240829467773,1.4152438640594482
133,K,apob680d44f71,A,apob2881074d9,A,0,[1],[1],K,K,3.5741183757781982,2.2064013481140137,1.474574089050293,0.6959969401359558,0.9350554347038269,1.071816325187683
134,SIA,apoa45663a7b4,A,apof988af7c38,A,0,[21],[21],SIA,SIA,6.943485736846924,2.602564811706543,1.625346302986145,0.7031084299087524,0.9301260709762573,1.2908679246902466
135,SIA,apobf28a42827,A,apof988af7c38,A,0,[21],[21],SIA,SIA,8.68275260925293,2.015223264694214,1.5201267004013062,0.6383750438690186,0.850190281867981,1.7459807395935059
136,SIA,apof988af7c38,A,apoe05bc91286,A,0,[21],[21],SIA,SIA,7.556926250457764,2.409853219985962,1.6776331663131714,0.7023440599441528,0.9547345042228699,1.254655361175537
137,SAM,apof8f1672997,A,apocc22a7c249,A,1,[27],[27],SAM,SAM,5.959251880645752,2.6021530628204346,1.6892399787902832,0.6991937160491943,0.9066054821014404,1.3607097864151
138,VN4,apo998bb3ca3f,A,apo9f3cdc96b3,A,1,[4],[4],VN4,VN4,1.7946891784667969,3.0966944694519043,1.374454140663147,0.7654781937599182,0.6525776982307434,0.9599430561065674
139,A2P,apo4aad30e486,A,apod0480cc105,A,1,[27],[27],A2P,A2P,5.879013538360596,2.332648277282715,1.4092074632644653,0.6378656029701233,0.7462709546089172,1.2625832557678223
140,CA,apoa64ace8395,A,apo612999e0b1,A,1,[1],[1],CA,CA,3.112640380859375,2.0545454025268555,1.5428199768066406,0.6810730695724487,0.914746880531311,1.0550488233566284
141,TYD,apob8d00776c6,A,apo7b54455720,A,1,[25],[25],TYD,TYD,5.617283821105957,3.197913646697998,1.4056336879730225,0.7381846308708191,0.9804255366325378,0.9743815064430237
142,HEM,apo4d62f4f3c0,A,apo3ec84872c9,A,1,[43],[43],HEM,HEM,5.112243175506592,1.9595613479614258,1.681848406791687,0.6409327387809753,0.4322241246700287,1.4859169721603394
143,A2P,apod0480cc105,A,apo901b527002,A,1,[27],[27],A2P,A2P,2.7289884090423584,3.220165252685547,1.4912614822387695,0.7460710406303406,0.8776130080223083,1.0260111093521118
144,NAI,apo306085e7e4,A,apo172e797b27,A,1,[44],[44],NAI,NAI,3.5277113914489746,3.0029232501983643,1.434570550918579,0.7036068439483643,0.8424487709999084,1.1511932611465454
145,TYD,apob8d00776c6,A,apobdb30dfd1f,A,1,[25],[25],TYD,TYD,3.3941476345062256,3.3665852546691895,1.5126560926437378,0.7248044610023499,0.8415864109992981,1.1290050745010376
146,NAI,apo1b33a4a05a,A,apo172e797b27,A,1,[44],[27],NAI,NAI,3.631406307220459,3.0759382247924805,1.420695185661316,0.7271481156349182,0.9220805764198303,1.2184118032455444
147,03S,apo38cc8c21fc,A,apo8a7868b822,A,1,[5],[4],03S,03S,4.47871732711792,2.6856870651245117,1.4401582479476929,0.713581919670105,0.7699579000473022,1.2321707010269165
148,COM,apo89e8cc2b73,A,apo3011c05f11,A,1,[7],[7],COM,COM,7.070557117462158,2.8622400760650635,1.5194593667984009,0.7637714147567749,0.8141531348228455,1.0771524906158447
149,SKM,apo2c9e3326c4,A,apo57a2683458,A,1,[12],[12],SKM,SKM,3.262685775756836,2.7161617279052734,1.5051445960998535,0.723459780216217,0.6863661408424377,1.1757712364196777
150,CA,apo320296d911,A,apo061df9bae9,A,1,[1],[1],CA,CA,2.6894760131835938,2.788001537322998,1.4603067636489868,0.7521395087242126,0.8513610363006592,1.158198356628418
151,CA,apo5b5675d8a6,A,apodbc78138bd,A,1,[1],[1],CA,CA,7.446064472198486,2.410615921020508,1.5978831052780151,0.6869231462478638,0.9660244584083557,1.102078914642334
152,CA,apo5b5675d8a6,A,apo9309b158a0,A,1,[1],[1],CA,CA,8.024845123291016,1.9724369049072266,1.6338462829589844,0.6648866534233093,0.8851556181907654,1.2580058574676514
153,NAI,apo8a47c39afc,A,apo550ef7e2ba,A,1,[44],[44],NAI,NAI,2.7479395866394043,3.1321163177490234,1.407081961631775,0.7163827419281006,0.8143913149833679,1.2164345979690552
154,A2P,apo4aad30e486,A,apo901b527002,A,1,[27],[27],A2P,A2P,5.014615535736084,2.4740562438964844,1.4607850313186646,0.7140803933143616,0.8047013878822327,1.2367956638336182
155,NAI,apo550ef7e2ba,A,apo46e1642176,A,1,[44],[44],NAI,NAI,2.9714269638061523,3.2026188373565674,1.5525212287902832,0.731565535068512,0.6701964139938354,1.0745192766189575
156,HEM,apod06c7bfc23,A,apo0d07583e35,A,1,[43],[43],HEM,HEM,5.093297958374023,2.6206254959106445,1.4956724643707275,0.7217298746109009,0.9684054851531982,1.1335859298706055
157,ETA,apodf2f69f393,A,apo6c94d44e06,A,1,[4],[4],ETA,ETA,3.624293088912964,2.7644460201263428,1.4007537364959717,0.7359551787376404,0.5919057130813599,1.1001793146133423
158,PC,apo1014cc4ff4,A,apof5d78154a5,A,1,[11],[11],PC,PC,8.378641128540039,2.005173444747925,1.6732838153839111,0.716553270816803,0.8538274765014648,1.0040912628173828
159,CA,apo033b2f7d4e,A,apo3cbfbe33d1,A,1,[1],[1],CA,CA,7.840179443359375,2.1403563022613525,1.5149859189987183,0.7350502610206604,0.5146650075912476,1.1166218519210815
160,95E,apo7fa7d22bd8,A,apof8663573c0,A,1,[14],[14],95E,95E,5.973569393157959,1.8813300132751465,1.591719388961792,0.6583932042121887,0.8113769292831421,1.2934463024139404
161,CA,apo6fb42b686e,A,apo94be85d7c5,A,1,[1],[1],CA,CA,1.72416353225708,1.9621005058288574,1.5438438653945923,0.6814965605735779,0.7019688487052917,1.3613576889038086
162,HEM,apod06c7bfc23,A,apo0d07583e35,A,1,[43],[43],HEM,HEM,5.093301296234131,2.620626211166382,1.4956732988357544,0.7217300534248352,0.9684059023857117,1.133585810661316
163,AZM,apoa546ea264d,A,apof868c5ca11,A,1,[13],[13],AZM,AZM,3.583012342453003,2.552865743637085,1.612889051437378,0.7531497478485107,0.511077880859375,1.0754526853561401
164,ICB,apoca75152c1c,A,apoef53ddfe53,A,1,[12],[12],ICB,ICB,3.485396385192871,2.435709238052368,1.5723445415496826,0.7075598239898682,0.7993131279945374,1.1139057874679565
165,M6P,apo3cd5c1e1fd,A,apo88a64fa370,A,1,[16],[16],M6P,M6P,2.4431228637695312,2.3400440216064453,1.3989427089691162,0.6880940794944763,0.9257937669754028,0.9780486822128296
166,NAI,apo550ef7e2ba,A,apo2e856286db,A,1,[44],[44],NAI,NAI,2.6706082820892334,3.2703027725219727,1.4122182130813599,0.7233800888061523,0.914234459400177,1.1742266416549683
167,1GP,apof5282a69e4,A,apod9ec9a499f,A,1,[10],[10],1GP,1GP,3.80741024017334,2.8447821140289307,1.5306075811386108,0.6931334137916565,0.9262886047363281,1.2056248188018799
168,1GP,apo58adbd4ccd,A,apo15878361a5,A,1,[10],[10],1GP,1GP,2.5812971591949463,2.7023348808288574,1.2664467096328735,0.7056990265846252,0.6839790344238281,0.8773316144943237
169,03S,apo8a7868b822,A,apo39e21f4d3d,A,1,[4],[5],03S,03S,5.901439189910889,2.595977306365967,1.594048261642456,0.6810601353645325,0.963692843914032,1.2853972911834717
170,NAI,apobd8e71e202,A,apo172e797b27,A,1,[44],[44],NAI,NAI,3.304042100906372,3.0095956325531006,1.523698329925537,0.7150944471359253,0.8992894887924194,1.2278525829315186
171,TTP,apo71b0b91ba3,A,apodca2890c4d,A,1,[29],[29],TTP,TTP,8.218307495117188,2.7607359886169434,1.3455671072006226,0.6674774289131165,0.9496636986732483,0.8129046559333801
172,1VU,apod8620c3ec6,A,apo18fcb8dc16,A,1,[52],[52],1VU,1VU,3.5442278385162354,2.6835379600524902,1.5464767217636108,0.72525954246521,0.6644574999809265,1.226881980895996
173,NAI,apoabbffcddc8,A,apo172e797b27,A,1,[44],[44],NAI,NAI,5.1872239112854,2.9738705158233643,1.508743405342102,0.701192319393158,0.7985008955001831,1.2818622589111328
174,SAM,apof8f1672997,A,apoeb856749db,A,1,[27],[27],SAM,SAM,6.466925621032715,2.3764536380767822,1.4476686716079712,0.6903073787689209,0.4600781202316284,1.3135093450546265
175,M6P,apoc2bc90b024,A,apo3cd5c1e1fd,A,1,[16],[16],M6P,M6P,6.110947132110596,1.855709433555603,1.5428680181503296,0.5424745678901672,0.5690405368804932,1.421865701675415
176,SF4,apoe3e6a39c0a,A,apo44eb479bc6,A,1,[8],[8],SF4,SF4,7.69497537612915,2.5159876346588135,1.4276140928268433,0.6998175978660583,0.6223058700561523,1.1283766031265259
177,TTP,apo1450cb4c8a,A,apob9237ccc51,A,1,[29],[29],TTP,TTP,4.385258674621582,2.5243778228759766,1.5611529350280762,0.703264057636261,0.8457440733909607,1.2493005990982056
178,F6P,apo7b44123974,A,apo428e912d15,A,1,[16],[16],F6P,F6P,5.4839582443237305,2.205531120300293,1.5189964771270752,0.7067517042160034,0.7823455929756165,0.9489754438400269
179,RUB,apo5bfcbc4c82,A,apoa7fcc1a69f,A,1,[18],[18],RUB,RUB,5.749175548553467,2.8037219047546387,1.5273118019104004,0.7099887728691101,0.7562533020973206,1.0621825456619263
180,CA,apo92079f482f,A,apo4274b970fb,A,1,[1],[1],CA,CA,3.615699052810669,2.1062374114990234,1.584983229637146,0.7547598481178284,0.5483397841453552,1.0514618158340454
181,F6P,apo3a3fdb2de6,A,apo7b44123974,A,1,[16],[16],F6P,F6P,3.78920841217041,2.2810888290405273,1.5521601438522339,0.7010067105293274,0.7399225234985352,1.0074620246887207
182,K,apob680d44f71,A,apo22b84035b3,A,1,[1],[1],K,K,2.469423770904541,2.440631866455078,1.4557161331176758,0.724286675453186,0.8000730872154236,1.05206298828125
183,CS,apo23d1d27bee,A,apo4fc0bd086a,A,1,[1],[1],CS,CS,5.004061222076416,2.309863328933716,1.5993309020996094,0.73259037733078,0.7228605151176453,1.074879765510559
184,GOA,apoa80b2969e4,A,apo513d86a1e9,A,1,[5],[5],GOA,GOA,3.4459340572357178,2.302823066711426,1.4734177589416504,0.6969464421272278,0.5437997579574585,1.1000789403915405
185,VN4,apo9689ba4db0,A,apo9f3cdc96b3,A,1,[4],[4],VN4,VN4,2.2463698387145996,2.6807034015655518,1.5513508319854736,0.7404472827911377,0.8937280774116516,1.1496593952178955
186,CA,apo2154602018,A,apoc199086ff9,A,1,[1],[1],CA,CA,8.299845695495605,2.2583236694335938,1.5544028282165527,0.6608604788780212,0.8570996522903442,1.453606367111206
187,CA,apo201baba6f3,A,apod942eb9a99,A,1,[1],[1],CA,CA,7.327408790588379,2.0032413005828857,1.580608606338501,0.6596962213516235,0.9656153321266174,1.3984711170196533
188,PC,apo65f5d6f793,A,apo1fa22c9d6d,A,1,[11],[11],PC,PC,8.478302955627441,2.2400505542755127,1.4373271465301514,0.6393485069274902,0.9223806858062744,1.1089178323745728
189,CA,apo316ec16899,A,apoa01115b0f1,A,1,[1],[1],CA,CA,7.210540771484375,2.312741279602051,1.5529460906982422,0.7554064989089966,0.6299765110015869,1.1439273357391357
190,SKM,apoc2bad139c1,A,apo2c9e3326c4,A,1,[12],[12],SKM,SKM,4.006237506866455,2.541769027709961,1.5389072895050049,0.7412385940551758,0.4315362274646759,1.0329327583312988
191,ENO,apo45ebb5382c,A,apo85347866f2,A,1,[13],[13],ENO,ENO,7.1764984130859375,2.5081629753112793,1.5512399673461914,0.6978245973587036,0.8984233140945435,1.2387155294418335
192,CA,apo89eda50734,A,apo9f1270e20d,A,1,[1],[1],CA,CA,7.318882465362549,2.172640085220337,1.558866262435913,0.6564028859138489,0.8463860750198364,1.1350641250610352
193,TTP,apo1450cb4c8a,A,apo71b0b91ba3,A,1,[29],[29],TTP,TTP,3.347327947616577,2.871829032897949,1.4994289875030518,0.7046424150466919,0.7401463985443115,0.9326547384262085
194,NAI,apo306085e7e4,A,apo550ef7e2ba,A,1,[44],[44],NAI,NAI,2.6311185359954834,3.1306397914886475,1.3560903072357178,0.7192918658256531,0.9260135293006897,1.1543751955032349
195,NAI,apo542a5d48e9,A,apo172e797b27,A,1,[44],[44],NAI,NAI,3.4735970497131348,2.75679087638855,1.7365052700042725,0.6978181600570679,0.821349561214447,1.2635564804077148
196,NAI,apo8a47c39afc,A,apo172e797b27,A,1,[44],[44],NAI,NAI,4.451746463775635,2.7577462196350098,1.3792973756790161,0.6717395782470703,0.7943593859672546,1.270163893699646
197,K,apo144c39e067,A,apo7d447b2b3e,A,1,[1],[1],K,K,7.942311763763428,2.3235154151916504,1.8057912588119507,0.7153552174568176,0.3682345151901245,1.0887781381607056
198,NAI,apo542a5d48e9,A,apo5f621fda84,A,1,[44],[44],NAI,NAI,3.0260934829711914,3.183785915374756,1.5198765993118286,0.744652271270752,0.8165753483772278,1.0844002962112427
199,M6P,apo3cd5c1e1fd,A,apoba014d106c,A,1,[16],[16],M6P,M6P,5.577585697174072,1.902308702468872,1.5542902946472168,0.6064221858978271,0.35476189851760864,1.2855490446090698
200,NAI,apo24715c37d8,A,apo550ef7e2ba,A,1,[44],[44],NAI,NAI,2.6813457012176514,3.3764119148254395,1.4100337028503418,0.7399646639823914,0.9311680793762207,1.1261847019195557
201,SKM,apo2c9e3326c4,A,apoeb78c816f2,A,1,[12],[12],SKM,SKM,3.4803318977355957,2.6546154022216797,1.42684006690979,0.6807910203933716,0.6023802757263184,1.233076810836792
202,PC,apo65f5d6f793,A,apof5d78154a5,A,1,[11],[11],PC,PC,8.975067138671875,2.183460235595703,1.479349970817566,0.7396344542503357,0.8401424288749695,0.9459611773490906
203,TTP,apo71b0b91ba3,A,apo07a533bd13,A,1,[29],[29],TTP,TTP,5.070423126220703,2.7120771408081055,1.6794909238815308,0.6393163204193115,0.8457998037338257,1.122976303100586
204,NAI,apo542a5d48e9,A,apo550ef7e2ba,A,1,[44],[44],NAI,NAI,3.117983341217041,2.9108095169067383,1.399766445159912,0.702756941318512,0.9141181707382202,1.1901161670684814
205,K,apoa91505152f,A,apo7d447b2b3e,A,1,[1],[1],K,K,6.586364269256592,2.56679105758667,1.5740958452224731,0.7461301684379578,0.8947193026542664,0.9394626617431641
206,K,apob680d44f71,A,apo5634e23ee1,A,1,[1],[1],K,K,4.943391799926758,2.3827595710754395,1.470104694366455,0.6667189002037048,0.8441282510757446,1.2938988208770752
207,K,apo22b84035b3,A,apoa91505152f,A,1,[1],[1],K,K,7.806899070739746,2.4434051513671875,1.5758734941482544,0.7128127217292786,0.8187844157218933,0.9670609831809998
208,NAI,apo38e8d09865,A,apo172e797b27,A,1,[44],[44],NAI,NAI,3.1280722618103027,2.859078884124756,1.589341402053833,0.7157802581787109,0.8593761920928955,1.24489426612854
209,VN4,apo998bb3ca3f,A,apo9689ba4db0,A,1,[4],[4],VN4,VN4,3.1026885509490967,2.418567180633545,1.5233007669448853,0.7038369178771973,0.9493963718414307,1.3674640655517578
210,CA,apode0cde6c4a,A,apo4a066a2897,A,1,[1],[1],CA,CA,1.8324931859970093,2.6259870529174805,1.6689674854278564,0.7104557156562805,0.7728315591812134,1.0158640146255493
211,SIA,apodab3a045c8,A,apoa45663a7b4,A,1,[21],[21],SIA,SIA,5.087997913360596,2.4176173210144043,1.5317777395248413,0.7124921679496765,0.9049178957939148,1.1519509553909302
212,NAI,apo9b86f2866a,A,apo172e797b27,A,1,[44],[44],NAI,NAI,3.3083651065826416,2.946763515472412,1.3062548637390137,0.6941215395927429,0.8867548704147339,1.4068368673324585
213,GOA,apoa80b2969e4,A,apo87ada52d5e,A,1,[5],[5],GOA,GOA,3.1465983390808105,2.5938897132873535,1.479724407196045,0.7067579627037048,0.8431793451309204,1.2914639711380005
214,VN4,apo9689ba4db0,A,apo243dbcb124,A,1,[4],[4],VN4,VN4,3.1054532527923584,2.6136343479156494,1.5334875583648682,0.7196999788284302,0.9203578233718872,1.2336807250976562
215,SF4,apo736fc55dfa,A,apo3c95f2c9f9,A,1,[8],[8],SF4,SF4,9.128265380859375,2.084099292755127,1.6249518394470215,0.65667325258255,0.754759669303894,1.0528109073638916
216,SKM,apo0f9e91a457,A,apo2c9e3326c4,A,1,[12],[12],SKM,SKM,3.4817264080047607,2.6545326709747314,1.520896553993225,0.7023235559463501,0.5938199162483215,1.2785433530807495
217,CA,apo80a731c967,A,apo4876e65784,A,1,[1],[1],CA,CA,4.737924098968506,2.6700868606567383,1.5017786026000977,0.6832509636878967,0.9828733205795288,1.1703678369522095
218,COM,apo89e8cc2b73,A,apoac9194d1a6,A,1,[7],[7],COM,COM,4.558588027954102,2.6930723190307617,1.4484469890594482,0.7051878571510315,0.7687848806381226,1.1025925874710083
219,NAI,apoac6ecc83f5,A,apo9b86f2866a,A,1,[44],[44],NAI,NAI,2.791470766067505,3.1406898498535156,1.4537324905395508,0.7535867691040039,0.8976404666900635,1.0515474081039429
220,COM,apoac9194d1a6,A,apo3011c05f11,A,1,[7],[7],COM,COM,6.678805351257324,2.898277759552002,1.5153348445892334,0.7291221618652344,0.9350139498710632,1.1672989130020142
221,K,apo5634e23ee1,A,apo7d447b2b3e,A,1,[1],[1],K,K,6.99088716506958,2.7272720336914062,1.5086896419525146,0.7041285634040833,0.9212438464164734,1.0473999977111816
222,F6P,apo72a4b9d979,A,apo7b44123974,A,1,[16],[16],F6P,F6P,5.169800281524658,2.5422120094299316,1.6679550409317017,0.7463510036468506,0.752863883972168,1.076373815536499
223,CA,apo59407ed774,A,apoe5f0edc2c2,A,1,[1],[1],CA,CA,7.032099723815918,2.0799450874328613,1.4910389184951782,0.6691177487373352,0.7874143123626709,0.8785094618797302
224,CA,apo2702747004,A,apo46ed73766a,A,1,[1],[1],CA,CA,6.972628116607666,2.286097526550293,1.501145839691162,0.7037487626075745,0.7375705242156982,1.1557071208953857
225,TYD,apob8d00776c6,A,apo3721324a05,A,1,[25],[25],TYD,TYD,3.418982982635498,3.6091296672821045,1.2686809301376343,0.7512452006340027,0.9759894013404846,1.1449495553970337
226,CA,apo7b1beffe99,A,apob20bca3bc3,A,1,[1],[1],CA,CA,7.075253486633301,2.209449529647827,1.5226240158081055,0.6459300518035889,0.8280396461486816,1.143458366394043
227,TTP,apo71b0b91ba3,A,apob9237ccc51,A,1,[29],[29],TTP,TTP,3.6635913848876953,2.3381247520446777,1.7545968294143677,0.6526316404342651,0.8897085189819336,1.3834847211837769
228,NAI,apo54234681ba,A,apo172e797b27,A,1,[44],[44],NAI,NAI,3.5837855339050293,3.0013747215270996,1.4694582223892212,0.7209081053733826,0.9007572531700134,1.1929445266723633
229,SIA,apobf28a42827,A,apoe05bc91286,A,1,[21],[21],SIA,SIA,8.57304859161377,2.217073440551758,1.4060145616531372,0.6538088917732239,0.9086911678314209,1.5561381578445435
230,K,apo7398b20969,A,apob680d44f71,A,1,[1],[1],K,K,6.887920379638672,2.6284778118133545,1.4397703409194946,0.710825502872467,0.9594802260398865,1.0494418144226074
231,VN4,apo243dbcb124,A,apo9f3cdc96b3,A,1,[4],[4],VN4,VN4,2.2446727752685547,3.0546159744262695,1.2919864654541016,0.74338698387146,0.6772013902664185,0.9847924709320068
232,F6P,apo7b44123974,A,apo9f174cb24f,A,1,[16],[16],F6P,F6P,4.8515143394470215,2.517875909805298,1.6635980606079102,0.7475701570510864,0.7993519306182861,1.0959079265594482
233,CA,apoa534966c11,A,apo1c996dea59,A,1,[1],[1],CA,CA,6.731321811676025,2.205122232437134,1.580747127532959,0.7469381093978882,0.9082962870597839,1.0612635612487793
234,NAI,apoac6ecc83f5,A,apo172e797b27,A,1,[44],[44],NAI,NAI,3.29807448387146,2.744394302368164,1.7004249095916748,0.7327044606208801,0.7524452805519104,1.1423230171203613
235,CA,apo92e17d481d,A,apo91491b9862,A,1,[1],[1],CA,CA,6.599343299865723,3.0728840827941895,1.6260241270065308,0.7446441650390625,0.8208051919937134,1.110604166984558
236,SKM,apo364bca82c7,A,apo2c9e3326c4,A,1,[12],[12],SKM,SKM,3.5395662784576416,2.41894793510437,1.5299501419067383,0.7259665131568909,0.5831725001335144,1.1004618406295776
237,CA,apo3a080626a0,A,apoe640d1e07b,A,1,[1],[1],CA,CA,6.328764915466309,2.0508008003234863,1.6304783821105957,0.7086136341094971,0.7660282850265503,1.1093719005584717
238,SIA,apo23874c7c22,A,apobf28a42827,A,1,[21],[21],SIA,SIA,8.610455513000488,2.1169066429138184,1.8612219095230103,0.6709117293357849,0.5918798446655273,1.0865278244018555
239,K,apob680d44f71,A,apo7d447b2b3e,A,1,[1],[1],K,K,6.920592784881592,2.182326078414917,1.4823695421218872,0.6698973178863525,0.9698714017868042,1.188224196434021
240,CA,apob1d3d5a605,A,apo0d650c653e,A,1,[1],[1],CA,CA,8.663470268249512,2.0712521076202393,1.770392894744873,0.7236846685409546,0.4330523908138275,1.1093008518218994
241,CA,apodac1e93975,A,apo5143efa9a8,A,1,[1],[1],CA,CA,7.490452766418457,3.037428855895996,1.3909804821014404,0.7204469442367554,0.9526547193527222,1.1619336605072021
242,K,apo144c39e067,A,apo8711722b82,A,1,[1],[1],K,K,7.537508964538574,2.1221866607666016,1.7431238889694214,0.6600044369697571,0.8631200790405273,1.1964231729507446
243,CA,apo3ddefba82f,A,apoac472b896f,A,1,[1],[1],CA,CA,7.0853753089904785,2.026576519012451,1.4195457696914673,0.6939432621002197,0.5610232353210449,0.8938663005828857
244,NAI,apo550ef7e2ba,A,apo68efe2d4f7,A,1,[27],[44],NAI,NAI,2.520095109939575,3.518676519393921,1.3179028034210205,0.744836688041687,0.9037999510765076,1.1171936988830566
245,CA,apo468b34baf3,A,apo6787ff6797,A,1,[1],[1],CA,CA,7.210886478424072,2.3032588958740234,1.6980050802230835,0.7166216373443604,0.6209916472434998,1.2020139694213867
246,NAI,apo550ef7e2ba,A,apo172e797b27,A,1,[44],[44],NAI,NAI,3.7381553649902344,2.9905478954315186,1.3953392505645752,0.6796245574951172,0.46974977850914,1.279931664466858
247,K,apo22b84035b3,A,apo5634e23ee1,A,1,[1],[1],K,K,7.102468013763428,2.1631243228912354,1.614466905593872,0.626948893070221,0.5911655426025391,1.0902827978134155
248,NAI,apo54234681ba,A,apo542a5d48e9,A,1,[44],[44],NAI,NAI,3.0694801807403564,3.0678725242614746,1.3946266174316406,0.7240855693817139,0.7468322515487671,1.081200361251831
249,CA,apo0dfa5a18e3,A,apo6fb42b686e,A,1,[1],[1],CA,CA,5.498294353485107,1.8887457847595215,1.6383522748947144,0.7358652949333191,0.8408568501472473,0.9358780384063721
250,CA,apo8be6c4e3b7,A,apoe45816cc65,A,1,[1],[1],CA,CA,6.8695268630981445,2.6867001056671143,1.5066304206848145,0.7381777167320251,0.8647536635398865,1.0463207960128784
251,K,apo7398b20969,A,apoa91505152f,A,1,[1],[1],K,K,6.081404209136963,2.9054830074310303,1.3320711851119995,0.717945396900177,0.9278741478919983,1.004614233970642
252,F6P,apo7b44123974,A,apo930083236b,A,1,[16],[16],F6P,F6P,4.474405288696289,2.3521523475646973,1.6226143836975098,0.6883131861686707,0.8450081944465637,1.0549182891845703
253,1GP,apo58adbd4ccd,A,apof5282a69e4,A,1,[10],[10],1GP,1GP,2.8719100952148438,2.724520206451416,1.369280219078064,0.6993902921676636,0.7412645816802979,1.010087490081787
254,CA,apo5d9ef83c4c,A,apo0a55819db3,A,1,[1],[1],CA,CA,7.625314712524414,2.4090847969055176,1.8480758666992188,0.6918792128562927,0.8412635326385498,1.317724347114563
255,K,apob680d44f71,A,apo8711722b82,A,1,[1],[1],K,K,5.382920265197754,2.7201647758483887,1.5149729251861572,0.6913962960243225,0.9545326232910156,1.3292009830474854
256,SKM,apob2978c18ed,A,apo2c9e3326c4,A,1,[12],[12],SKM,SKM,3.7140231132507324,2.6051266193389893,1.583070158958435,0.7441489100456238,0.6098320484161377,0.9868062138557434
257,1GP,apo15878361a5,A,apod9ec9a499f,A,1,[10],[10],1GP,1GP,4.340811729431152,2.717163562774658,1.7122783660888672,0.7258037328720093,0.8920513391494751,1.0658745765686035
258,RBF,apo489c48cc19,A,apo3272937f0a,A,1,[27],[27],RBF,RBF,5.8766398429870605,2.5856754779815674,1.5099234580993652,0.689126193523407,0.7991774678230286,1.2844455242156982
259,K,apo8711722b82,A,apoa91505152f,A,1,[1],[1],K,K,7.8420729637146,2.335158348083496,1.665181040763855,0.7421314716339111,0.8635869026184082,1.0552794933319092
260,TTP,apo1450cb4c8a,A,apoba6c9a6a3d,A,1,[29],[29],TTP,TTP,3.3579742908477783,2.6422672271728516,1.4430983066558838,0.6880776286125183,0.6942648887634277,1.3189228773117065
261,SIA,apo7d78760229,A,apobf28a42827,A,1,[21],[21],SIA,SIA,8.7763090133667,2.1785693168640137,1.3528249263763428,0.6342511177062988,0.86519455909729,1.379996418952942
262,RBF,apo9e85e46298,A,apo5d61b7f6bc,A,1,[27],[27],RBF,RBF,7.237235069274902,2.7737412452697754,1.5424712896347046,0.7219787240028381,0.9251877069473267,0.9705892205238342
263,K,apo7398b20969,A,apo144c39e067,A,1,[1],[1],K,K,8.13624095916748,2.6510326862335205,1.4098706245422363,0.7079141139984131,0.8008519411087036,1.3292492628097534
264,SF4,apofd986512a3,A,apo1dac00cc2b,A,1,[8],[8],SF4,SF4,4.553898811340332,2.823227882385254,1.516114354133606,0.7143563032150269,0.6810765266418457,1.0620486736297607
265,K,apo144c39e067,A,apo22b84035b3,A,1,[1],[1],K,K,7.474072456359863,2.433666229248047,1.5594741106033325,0.6979832053184509,0.9053955674171448,1.0466766357421875
266,TTP,apo71b0b91ba3,A,apoba6c9a6a3d,A,1,[29],[29],TTP,TTP,4.070607662200928,2.1697564125061035,1.527443528175354,0.6498607397079468,0.8212220072746277,0.9471437335014343
267,K,apob680d44f71,A,apoa91505152f,A,1,[1],[1],K,K,7.762510776519775,2.6513261795043945,1.494154691696167,0.7139257788658142,0.8749280571937561,1.1317903995513916
268,TTP,apo1450cb4c8a,A,apodca2890c4d,A,1,[29],[29],TTP,TTP,8.157618522644043,2.605958938598633,1.4404804706573486,0.7145164608955383,0.7511134743690491,1.1907107830047607
269,F6P,apo7b44123974,A,apo442de7048d,A,1,[16],[16],F6P,F6P,3.420386791229248,2.7352218627929688,1.6147089004516602,0.7310463190078735,0.7316507697105408,1.106643557548523
270,PC,apo1014cc4ff4,A,apo1fa22c9d6d,A,1,[11],[11],PC,PC,6.670169353485107,2.387965440750122,1.6373465061187744,0.7244508266448975,0.8501359224319458,1.1397756338119507
271,K,apo8711722b82,A,apo5634e23ee1,A,1,[1],[1],K,K,6.212273597717285,2.488994598388672,1.6254541873931885,0.7109350562095642,0.8515278100967407,1.0632202625274658
272,K,apo144c39e067,A,apob680d44f71,A,1,[1],[1],K,K,7.9497480392456055,2.5730340480804443,1.5439311265945435,0.6799020171165466,0.8802127242088318,1.2728520631790161
273,K,apoa91505152f,A,apob2881074d9,A,1,[1],[1],K,K,7.5950093269348145,2.338426351547241,1.6004767417907715,0.7401100993156433,0.7679000496864319,0.9887449741363525
274,F6P,apo7b44123974,A,apob091a8018e,A,1,[16],[16],F6P,F6P,4.699893474578857,2.963470697402954,1.4579846858978271,0.7374169230461121,0.900425374507904,1.308695912361145
275,TTP,apo71b0b91ba3,A,apo95216f807b,A,1,[29],[29],TTP,TTP,2.948333978652954,2.2738776206970215,1.6662911176681519,0.6358832716941833,0.8377238512039185,1.0326169729232788
276,SIA,apodab3a045c8,A,apoe05bc91286,A,1,[21],[21],SIA,SIA,7.642814636230469,2.277674674987793,1.603764533996582,0.7081397771835327,0.9136794209480286,1.1209102869033813
277,SIA,apodab3a045c8,A,apo23874c7c22,A,1,[21],[21],SIA,SIA,7.746926307678223,2.5725855827331543,1.3653151988983154,0.6978097558021545,0.8215707540512085,1.4727180004119873
278,TYD,apob8d00776c6,A,apo0119d595d5,A,1,[25],[25],TYD,TYD,2.9206645488739014,3.280155897140503,1.4039905071258545,0.7249987125396729,0.8821619749069214,1.2710893154144287
279,SIA,apobf28a42827,A,apo853b93903a,A,1,[21],[21],SIA,SIA,8.181899070739746,2.240058183670044,1.4472503662109375,0.6658975481987,0.9392691850662231,1.4028816223144531
280,SIA,apodab3a045c8,A,apo0d0b42695c,A,1,[21],[21],SIA,SIA,6.578869819641113,2.3254048824310303,1.3653600215911865,0.7020739316940308,0.9983524680137634,1.3172796964645386
281,SIA,apodab3a045c8,A,apo214d44df5b,A,1,[20],[21],SIA,SIA,7.246063232421875,2.0210299491882324,1.4806572198867798,0.6326658129692078,0.9332922697067261,1.2907074689865112
282,TYD,apo4d523eb2b1,A,apoe9a08fdd69,A,1,[25],[25],TYD,TYD,5.38549280166626,2.280432939529419,1.489733338356018,0.7240805625915527,0.8663616180419922,1.2156013250350952
283,SIA,apodab3a045c8,A,apo853b93903a,A,1,[21],[21],SIA,SIA,7.173323631286621,2.524076461791992,1.6342442035675049,0.6816553473472595,0.8645350933074951,1.3171894550323486
284,SIA,apo214d44df5b,A,apobf28a42827,A,1,[21],[20],SIA,SIA,6.343494892120361,2.179920196533203,1.8034448623657227,0.5832228064537048,0.9825345277786255,1.9887678623199463
285,TYD,apob8d00776c6,A,apoa6cedd5e6c,A,1,[25],[25],TYD,TYD,3.044724225997925,3.343190908432007,1.3357585668563843,0.7500348091125488,0.9701708555221558,1.0127224922180176
286,SIA,apodab3a045c8,A,apobf28a42827,A,1,[21],[21],SIA,SIA,7.830239295959473,2.2155933380126953,1.3484433889389038,0.6913423538208008,0.9354273080825806,1.2464033365249634
287,SIA,apo0d0b42695c,A,apobf28a42827,A,1,[21],[21],SIA,SIA,8.244379997253418,2.1439499855041504,1.668088674545288,0.6736761927604675,0.9295181632041931,1.2445462942123413
288,SIA,apodab3a045c8,A,apo7d78760229,A,1,[21],[21],SIA,SIA,8.426989555358887,2.3839144706726074,1.3447458744049072,0.6842982172966003,0.8860341906547546,1.3139338493347168
289,SIA,apoa45663a7b4,A,apobf28a42827,A,1,[21],[21],SIA,SIA,7.535362243652344,1.9594392776489258,1.5558390617370605,0.7083232998847961,0.9127757549285889,1.2995376586914062
290,SAM,apod86559e079,A,apoa049c7a917,A,2,[27],[27],SAM,SAM,2.4723598957061768,3.489037036895752,1.3777707815170288,0.7570566534996033,0.8618860244750977,1.0582938194274902
291,SIA,apo7d78760229,A,apo853b93903a,A,2,[21],[21],SIA,SIA,8.400838851928711,2.528261423110962,1.7159711122512817,0.6719663739204407,0.9555844068527222,1.3920289278030396
292,PGW,apob1915590e7,A,apo9087222af9,A,2,[51],[22],PGW,PGW,7.7477006912231445,2.1651015281677246,1.674331545829773,0.6333194375038147,0.7740060091018677,1.2311407327651978
293,F6P,apob091a8018e,A,apo930083236b,A,2,[16],[16],F6P,F6P,3.569943904876709,2.5974879264831543,1.6613341569900513,0.7460577487945557,0.876154363155365,1.022619366645813
294,SAM,apo185babea79,A,apoe7d8c0feb7,A,2,[27],[27],SAM,SAM,2.9620652198791504,3.2592034339904785,1.421791434288025,0.7448599934577942,0.9257285594940186,1.001857042312622
295,CA,apo11fad07556,A,apo7d4f7686b7,A,2,[1],[1],CA,CA,3.5827794075012207,2.9035720825195312,1.5362296104431152,0.7415540814399719,0.6224934458732605,1.0980092287063599
296,5ID,apo37dcf227f8,A,apo62623d4ad8,A,2,[20],[20],5ID,5ID,2.6762447357177734,2.9606845378875732,1.323231816291809,0.7127320170402527,0.8728673458099365,1.3378552198410034
297,SAM,apob0da859712,A,apo254de550d9,A,2,[27],[27],SAM,SAM,3.394968271255493,3.5462942123413086,1.1145206689834595,0.7089246511459351,0.9791921973228455,0.9569213390350342
298,SAM,apo579d4c1abc,A,apo05ecfae4e4,A,2,[27],[27],SAM,SAM,2.9109930992126465,3.5293846130371094,1.402785301208496,0.7336088418960571,0.5766800045967102,1.0547723770141602
299,F6P,apo72a4b9d979,A,apo930083236b,A,2,[16],[16],F6P,F6P,4.6543097496032715,2.3186357021331787,1.6072101593017578,0.69895339012146,0.8527888655662537,1.1243641376495361
300,AMU,apob6445027de,A,apo33086c4441,A,2,[20],[20],AMU,AMU,4.6750102043151855,2.3729865550994873,1.5307444334030151,0.7427318692207336,0.9292417168617249,1.049694538116455
301,CA,apo95a5de8950,A,apo4c7bb09ba3,A,2,[1],[1],CA,CA,7.399231433868408,2.5882766246795654,1.4631937742233276,0.7092010378837585,0.8697418570518494,1.0917253494262695
302,NAI,apofccf8b8bc2,A,apob2ac301348,A,2,[44],[44],NAI,NAI,3.1137280464172363,3.9523284435272217,1.1543503999710083,0.7514908313751221,0.9502961039543152,0.9524416923522949
303,CA,apo61ed8a63df,A,apo3bef932e6f,A,2,[1],[1],CA,CA,6.11980676651001,2.961918354034424,1.496770977973938,0.7154183983802795,0.8575644493103027,1.17123544216156
304,PC,apof5d78154a5,A,apo5c5bfeb367,A,2,[11],[11],PC,PC,8.294171333312988,2.7653043270111084,1.5992493629455566,0.751049816608429,0.5667867660522461,0.9532330632209778
305,1GP,apo58adbd4ccd,A,apod9ec9a499f,A,2,[10],[10],1GP,1GP,4.887063503265381,2.6257646083831787,1.565490484237671,0.7164425849914551,0.8750413656234741,1.0663264989852905
306,TTP,apodca2890c4d,A,apo07a533bd13,A,2,[29],[29],TTP,TTP,8.236721992492676,3.2927045822143555,1.140695333480835,0.7251854538917542,0.9599440693855286,0.8008704781532288
307,M6P,apoba014d106c,A,apo703b2f492b,A,2,[16],[16],M6P,M6P,4.0316162109375,2.2899765968322754,1.443497657775879,0.700788140296936,0.6750912666320801,1.2467361688613892
308,DGT,apobdfd5ed6c5,A,apo88e22e69c7,A,2,[31],[31],DGT,DGT,4.261165618896484,3.347581386566162,0.8772481083869934,0.792308509349823,0.9826818108558655,0.8491730690002441
309,SAM,apofd7fa63b48,A,apo218b3ecdc8,A,2,[27],[27],SAM,SAM,6.977810859680176,2.5905895233154297,1.5755070447921753,0.7336655855178833,0.7240235209465027,1.210572600364685
310,SAM,apo865b191f3d,A,apob0da859712,A,2,[27],[27],SAM,SAM,3.030202865600586,3.5744409561157227,1.1705409288406372,0.7635499835014343,0.9027493596076965,0.9736265540122986
311,K,apo22b84035b3,A,apo8711722b82,A,2,[1],[1],K,K,4.0357537269592285,2.8624117374420166,1.4333428144454956,0.7578374743461609,0.9115466475486755,1.019791841506958
312,CA,apoa09988b249,A,apob0e13ff56b,A,2,[1],[1],CA,CA,6.944547653198242,2.506551742553711,1.515618920326233,0.6786813735961914,0.9479068517684937,1.1678184270858765
313,SIA,apo0d0b42695c,A,apo7d78760229,A,2,[21],[21],SIA,SIA,8.060009956359863,2.5516510009765625,1.37826669216156,0.7076593041419983,0.9826300144195557,1.1434208154678345
314,K,apo144c39e067,A,apo5634e23ee1,A,2,[1],[1],K,K,7.576601982116699,2.4532341957092285,1.8278647661209106,0.6856328845024109,0.8045844435691833,1.3345474004745483
315,M6P,apoba014d106c,A,apo88a64fa370,A,2,[16],[16],M6P,M6P,5.2823052406311035,2.7049508094787598,1.5777223110198975,0.7206482887268066,0.5651111006736755,1.0160775184631348
316,DGT,apo4982e5919d,A,apo88e22e69c7,A,2,[31],[31],DGT,DGT,2.625521183013916,2.759672164916992,1.6557010412216187,0.685319185256958,0.9702749252319336,1.2164406776428223
317,K,apo7398b20969,A,apo8711722b82,A,2,[1],[1],K,K,6.312367916107178,2.713818073272705,1.4128484725952148,0.7300553321838379,0.9310606122016907,0.97468101978302
318,F6P,apo72a4b9d979,A,apob091a8018e,A,2,[16],[16],F6P,F6P,4.819177150726318,2.8490562438964844,1.634447693824768,0.7494253516197205,0.8986272215843201,1.070966362953186
319,F,apo3cc39dc907,A,apof9044e1133,A,2,[1],[1],F,F,2.5834596157073975,2.54471492767334,1.4123756885528564,0.7328153252601624,0.8803690075874329,0.989463210105896
320,NAI,apofccf8b8bc2,A,apo8a47c39afc,A,2,[44],[44],NAI,NAI,2.938060998916626,3.753746509552002,1.2974956035614014,0.7164081335067749,0.9363493919372559,0.9380099773406982
321,SAM,apod86559e079,A,apo1d2fe420e5,A,2,[27],[27],SAM,SAM,2.982292413711548,3.2713418006896973,1.3451308012008667,0.7268706560134888,0.9496911764144897,1.0524067878723145
322,NAI,apoad92680901,A,apo542a5d48e9,A,2,[44],[44],NAI,NAI,2.974257707595825,3.1174817085266113,1.4390360116958618,0.7092095613479614,0.6842714548110962,1.0580079555511475
323,SAM,apo42ddd2042d,A,apo05ecfae4e4,A,2,[27],[27],SAM,SAM,2.8120925426483154,3.484480142593384,1.3152800798416138,0.7516941428184509,0.9367387890815735,1.0249967575073242
324,CA,apo7e0682d502,A,apoc6a9d5022c,A,2,[1],[1],CA,CA,7.869897842407227,2.200969934463501,1.6403026580810547,0.6497250199317932,0.8503814339637756,1.1360139846801758
325,F6P,apo442de7048d,A,apob091a8018e,A,2,[16],[16],F6P,F6P,4.65368127822876,2.473808765411377,1.624563455581665,0.7147055268287659,0.8218348622322083,1.178842544555664
326,F6P,apo3a3fdb2de6,A,apo428e912d15,A,2,[16],[16],F6P,F6P,4.496004104614258,2.595641613006592,1.4813272953033447,0.6695496439933777,0.886425256729126,1.1773451566696167
327,K,apo7d447b2b3e,A,apob2881074d9,A,2,[1],[1],K,K,6.603662967681885,1.640671730041504,1.722362995147705,0.7228143811225891,0.6268228888511658,1.0090810060501099
328,TTP,apoba6c9a6a3d,A,apo07a533bd13,A,2,[29],[29],TTP,TTP,1.5976600646972656,2.92627215385437,0.8572663068771362,0.7604746222496033,0.9776300191879272,0.8468030691146851
329,CAA,apo8e9f6a59b8,A,apo937cad989b,A,2,[54],[54],CAA,CAA,7.382497310638428,2.578824281692505,1.6235790252685547,0.6806142926216125,0.80512535572052,1.1674830913543701
330,AMZ,apo1885785949,A,apoe6e72fc305,A,2,[22],[22],AMZ,AMZ,6.547887802124023,1.6812007427215576,1.5589617490768433,0.6741422414779663,0.5331053137779236,1.091719627380371
331,NAI,apofccf8b8bc2,A,apo3fdb14322f,A,2,[44],[44],NAI,NAI,2.9514544010162354,3.9231414794921875,1.117508888244629,0.7415511012077332,0.9134084582328796,0.933182954788208
332,SAM,apob0da859712,A,apodba9c249dc,A,2,[27],[27],SAM,SAM,3.0383644104003906,3.5135016441345215,1.2694299221038818,0.7326105833053589,0.9517078399658203,1.041442632675171
333,PGW,apob1915590e7,A,apoc7945bd62f,A,2,[51],[22],PGW,PGW,7.723020076751709,2.156881332397461,1.6723560094833374,0.6306199431419373,0.773688018321991,1.236807942390442
334,PC,apo1014cc4ff4,A,apo65f5d6f793,A,2,[11],[11],PC,PC,8.433022499084473,2.2992281913757324,1.630172848701477,0.7467811703681946,0.7999143004417419,1.0889397859573364
335,M6P,apo3cd5c1e1fd,A,apo703b2f492b,A,2,[16],[16],M6P,M6P,4.761792182922363,2.3507699966430664,1.70741868019104,0.675002932548523,0.5075080990791321,1.259653925895691
336,DGT,apo4982e5919d,A,apoc4f9eb2339,A,2,[31],[31],DGT,DGT,7.224559783935547,1.8237982988357544,1.513268232345581,0.5830121040344238,0.8095702528953552,1.8029968738555908
337,NAI,apob434bc6d95,A,apoac6ecc83f5,A,2,[44],[44],NAI,NAI,2.862732410430908,3.251197338104248,1.3902943134307861,0.7296000719070435,0.6444173455238342,1.1337374448776245
338,F6P,apob091a8018e,A,apo428e912d15,A,2,[16],[16],F6P,F6P,2.6727840900421143,2.7778987884521484,1.391011118888855,0.7328177094459534,0.7916991710662842,1.0929509401321411
339,CA,apob0d3fb1eab,A,apo1dfa516aef,A,2,[1],[1],CA,CA,6.791659832000732,2.5072243213653564,1.4413204193115234,0.7123846411705017,0.7271088361740112,1.0255630016326904
340,CA,apocb35bbd541,A,apo2b6d9a305e,A,2,[1],[1],CA,CA,8.368851661682129,2.2118630409240723,1.6700068712234497,0.6677060723304749,0.7566375136375427,1.1193585395812988
341,NAI,apofccf8b8bc2,A,apob2ac301348,A,2,[44],[44],NAI,NAI,3.1137311458587646,3.952329635620117,1.1543519496917725,0.7514910697937012,0.95029616355896,0.952441394329071
342,CA,apo3bc73680d0,A,apod2eaa3b10a,A,2,[1],[1],CA,CA,5.455394268035889,2.8231699466705322,1.3381757736206055,0.708980917930603,0.7861617803573608,1.0806876420974731
343,K,apoa91505152f,A,apo5634e23ee1,A,2,[1],[1],K,K,7.579888343811035,2.393768310546875,1.6548261642456055,0.6592982411384583,0.7350345849990845,1.3894625902175903
344,SAM,apo42ddd2042d,A,apob0da859712,A,2,[27],[27],SAM,SAM,3.046670913696289,3.4890153408050537,1.1668587923049927,0.7380785942077637,0.9924381971359253,1.0207661390304565
345,CAA,apo8e9f6a59b8,A,apoed40d751c6,A,2,[54],[54],CAA,CAA,6.383754730224609,2.7555134296417236,1.4807261228561401,0.7237081527709961,0.7024424076080322,1.0673717260360718
346,TTP,apo1450cb4c8a,A,apo07a533bd13,A,2,[29],[29],TTP,TTP,5.927126407623291,2.5476131439208984,1.4772098064422607,0.6970821022987366,0.6721677780151367,1.4727023839950562
347,SIA,apo23874c7c22,A,apoe05bc91286,A,2,[21],[21],SIA,SIA,8.185056686401367,2.586484909057617,1.5844900608062744,0.7071099877357483,0.983460009098053,1.101845145225525
348,F6P,apo9f174cb24f,A,apo930083236b,A,2,[16],[16],F6P,F6P,5.503143787384033,2.3332679271698,1.6771705150604248,0.7077933549880981,0.8260433077812195,0.9943185448646545
349,F6P,apob091a8018e,A,apo9f174cb24f,A,2,[16],[16],F6P,F6P,4.662934303283691,2.2289352416992188,1.7816599607467651,0.7164902687072754,0.774474561214447,1.1562867164611816
350,CA,apo474d3c57c8,A,apo1618bdf726,A,2,[1],[1],CA,CA,7.613778114318848,0.9464144706726074,1.6399551630020142,0.6300595998764038,0.8843773603439331,1.6089297533035278
351,DGT,apo4982e5919d,A,apo837ecb6e97,A,2,[31],[31],DGT,DGT,3.0175740718841553,2.7073049545288086,0.9904880523681641,0.7709738612174988,0.9826931953430176,0.9253159165382385
352,DGT,apo837ecb6e97,A,apo88e22e69c7,A,2,[31],[31],DGT,DGT,2.8654682636260986,2.987597703933716,1.582605242729187,0.7590082883834839,0.926386296749115,1.2566419839859009
353,PC,apo1fa22c9d6d,A,apof5d78154a5,A,2,[11],[11],PC,PC,8.607152938842773,1.9977431297302246,1.542664885520935,0.6828972697257996,0.7401742339134216,1.1888272762298584
354,NAI,apoac6ecc83f5,A,apo2e856286db,A,2,[44],[44],NAI,NAI,2.8897745609283447,3.2467241287231445,1.534794569015503,0.7404818534851074,0.4897231459617615,1.0575053691864014
355,PC,apof5d78154a5,A,apo6142d24d09,A,2,[11],[11],PC,PC,8.277843475341797,2.7311363220214844,1.6169408559799194,0.7292963862419128,0.8494968414306641,1.0400134325027466
356,NAI,apofccf8b8bc2,A,apob434bc6d95,A,2,[44],[44],NAI,NAI,2.942963123321533,3.9060115814208984,1.202005386352539,0.7488926649093628,0.9270136952400208,0.9594088196754456
357,NAI,apofccf8b8bc2,A,apo306085e7e4,A,2,[44],[44],NAI,NAI,3.2192790508270264,3.8775758743286133,1.1854947805404663,0.7671362161636353,0.930120050907135,0.8613834977149963
358,F6P,apo3a3fdb2de6,A,apo72a4b9d979,A,2,[16],[16],F6P,F6P,5.069540023803711,2.828153133392334,1.1900784969329834,0.7239417433738708,0.9480099678039551,0.9622025489807129
359,DGT,apobdfd5ed6c5,A,apo4982e5919d,A,2,[31],[31],DGT,DGT,5.129773139953613,2.781799793243408,1.2452892065048218,0.7127938866615295,0.933407187461853,0.9731391072273254
360,SIA,apo7d78760229,A,apoa45663a7b4,A,2,[21],[21],SIA,SIA,7.790571212768555,2.8410584926605225,1.464171051979065,0.6899666786193848,0.9540455937385559,1.3106534481048584
361,CA,apo89fdb9f5d6,A,apo26d404205d,A,2,[1],[1],CA,CA,7.051688194274902,2.398089647293091,1.3318531513214111,0.6900068521499634,0.954651951789856,1.2611498832702637
362,K,apo7398b20969,A,apo7d447b2b3e,A,2,[1],[1],K,K,7.327923774719238,2.7644810676574707,1.432413101196289,0.7177926301956177,0.41741299629211426,1.1513712406158447
363,F6P,apo442de7048d,A,apo930083236b,A,2,[16],[16],F6P,F6P,4.562432765960693,2.5199315547943115,1.632939100265503,0.673126757144928,0.8146093487739563,1.2285526990890503
364,CA,apo1358b87bf3,A,apod8271433c3,A,2,[1],[1],CA,CA,7.872970104217529,2.5015764236450195,1.6979032754898071,0.7211544513702393,0.5046849250793457,1.1416082382202148
365,TTP,apob9237ccc51,A,apo07a533bd13,A,2,[29],[29],TTP,TTP,1.1938045024871826,3.221522331237793,0.7412602305412292,0.7739591002464294,0.9757353067398071,0.9513610601425171
366,SIA,apoa45663a7b4,A,apoe05bc91286,A,2,[21],[21],SIA,SIA,7.812520980834961,2.5896382331848145,1.7048298120498657,0.7364843487739563,0.6285102367401123,1.3253284692764282
367,F6P,apo3a3fdb2de6,A,apob091a8018e,A,2,[16],[16],F6P,F6P,3.651252031326294,2.627335548400879,1.492800235748291,0.7267174124717712,0.7504772543907166,0.9428572058677673
368,F6P,apo930083236b,A,apo428e912d15,A,2,[16],[16],F6P,F6P,2.536252498626709,2.6384661197662354,1.4196542501449585,0.7260361909866333,0.8422479033470154,1.0290058851242065
369,F6P,apo3a3fdb2de6,A,apo442de7048d,A,2,[16],[16],F6P,F6P,3.9929938316345215,2.4719924926757812,1.7137140035629272,0.6973851919174194,0.7293673157691956,1.2125155925750732
370,SIA,apo0d0b42695c,A,apoa45663a7b4,A,2,[21],[21],SIA,SIA,3.7208728790283203,2.708433151245117,1.3789117336273193,0.7932342290878296,0.8726574778556824,1.116431474685669
371,F6P,apo3a3fdb2de6,A,apo9f174cb24f,A,2,[16],[16],F6P,F6P,4.423126220703125,2.730656623840332,1.5442432165145874,0.7025425434112549,0.8649218678474426,1.1067606210708618
372,GOA,apo513d86a1e9,A,apo87ada52d5e,A,2,[5],[5],GOA,GOA,3.616010904312134,2.494497776031494,1.3597145080566406,0.7362849712371826,0.6933133602142334,1.1952733993530273
373,K,apo7398b20969,A,apo5634e23ee1,A,2,[1],[1],K,K,7.35419225692749,2.5786609649658203,1.4492369890213013,0.7191820740699768,0.6567056179046631,1.2572991847991943
374,SIA,apo23874c7c22,A,apo214d44df5b,A,2,[20],[21],SIA,SIA,8.342573165893555,2.401916742324829,1.4695067405700684,0.6926184892654419,0.9598453044891357,1.2841713428497314
375,SIA,apo214d44df5b,A,apo853b93903a,A,2,[21],[20],SIA,SIA,7.224899768829346,2.5850255489349365,1.5789103507995605,0.660138726234436,0.9262983798980713,1.2259944677352905
376,K,apo8711722b82,A,apo7d447b2b3e,A,2,[1],[1],K,K,7.649903297424316,2.5063817501068115,1.6828938722610474,0.73319011926651,0.575236439704895,1.117161512374878
377,K,apo7398b20969,A,apo22b84035b3,A,2,[1],[1],K,K,6.1558613777160645,2.8188016414642334,1.5724366903305054,0.740082323551178,0.7604610323905945,1.1273727416992188
378,SIA,apoe05bc91286,A,apo853b93903a,A,2,[21],[21],SIA,SIA,7.947142124176025,2.606297254562378,1.4687713384628296,0.7234973907470703,0.7215402126312256,1.2364239692687988
379,K,apo144c39e067,A,apoa91505152f,A,2,[1],[1],K,K,7.077096939086914,2.4035985469818115,1.4489179849624634,0.7143981456756592,0.8314052224159241,1.0190339088439941
380,SIA,apo23874c7c22,A,apoa45663a7b4,A,2,[21],[21],SIA,SIA,8.3631591796875,2.848034620285034,1.3843770027160645,0.7548460364341736,0.8765712380409241,1.067848563194275
381,SIA,apo7d78760229,A,apo214d44df5b,A,2,[20],[21],SIA,SIA,8.167055130004883,2.5792670249938965,1.34378981590271,0.6963335871696472,0.9831410050392151,1.3386493921279907
382,SIA,apo214d44df5b,A,apoa45663a7b4,A,2,[21],[20],SIA,SIA,6.346287727355957,2.8731255531311035,1.536928653717041,0.7384084463119507,0.9371277689933777,1.3052982091903687
383,SIA,apo23874c7c22,A,apo853b93903a,A,2,[21],[21],SIA,SIA,8.443129539489746,2.2877421379089355,1.5846548080444336,0.6439553499221802,0.8810991644859314,1.4888041019439697
384,SIA,apo0d0b42695c,A,apo853b93903a,A,2,[21],[21],SIA,SIA,7.220500469207764,2.400341033935547,1.5715028047561646,0.684519350528717,0.9399302005767822,1.120995283126831
385,SIA,apo0d0b42695c,A,apo23874c7c22,A,2,[21],[21],SIA,SIA,7.718311309814453,2.565927505493164,1.5562442541122437,0.7282789349555969,0.9513431191444397,1.1445380449295044
386,SIA,apo7d78760229,A,apoe05bc91286,A,2,[21],[21],SIA,SIA,7.532955646514893,2.58980655670166,1.5106335878372192,0.6979080438613892,0.9872328042984009,1.2562612295150757
387,SIA,apoa45663a7b4,A,apo853b93903a,A,2,[21],[21],SIA,SIA,5.736321926116943,2.2599081993103027,1.7946150302886963,0.7124620079994202,0.9161781668663025,1.2777118682861328
388,K,apo7398b20969,A,apo5634e23ee1,A,2,[1],[1],K,K,7.354186534881592,2.5786685943603516,1.4492359161376953,0.7191815972328186,0.6567007899284363,1.2573044300079346
389,TTP,apodca2890c4d,A,apoba6c9a6a3d,A,3,[29],[29],TTP,TTP,8.849882125854492,3.385641098022461,1.083772897720337,0.7463615536689758,0.956645667552948,0.8206386566162109
390,TYD,apobdb30dfd1f,A,apo7b54455720,A,3,[25],[25],TYD,TYD,5.312817573547363,3.1890039443969727,1.3842848539352417,0.742536723613739,0.8961807489395142,1.0262802839279175
391,TYD,apo3721324a05,A,apo7b54455720,A,3,[25],[25],TYD,TYD,5.183204650878906,3.415463924407959,1.3862857818603516,0.7400293350219727,0.9315856099128723,1.0725129842758179
392,SF4,apo0262b01f14,A,apo9e41a8b34d,A,3,[8],[8],SF4,SF4,2.693692922592163,2.403676748275757,1.547682523727417,0.653644323348999,0.9258806109428406,1.734987735748291
393,03S,apo38cc8c21fc,A,apo39e21f4d3d,A,3,[4],[4],03S,03S,1.464277982711792,3.319875717163086,1.2795089483261108,0.7405117154121399,0.9826743006706238,0.9382843375205994
394,TYD,apo0119d595d5,A,apo7b54455720,A,3,[25],[25],TYD,TYD,4.980014324188232,3.2024457454681396,1.4228098392486572,0.7618870139122009,0.851337194442749,1.0314314365386963
395,BG6,apob90cad9cbd,A,apo95f6af94d0,A,3,[16],[16],BG6,BG6,7.148504257202148,2.980189800262451,1.316440224647522,0.7074086666107178,0.9568981528282166,1.0794683694839478
396,F6P,apo72a4b9d979,A,apo428e912d15,A,3,[16],[16],F6P,F6P,4.200069427490234,3.175229549407959,1.2404597997665405,0.7477040886878967,0.9243447184562683,0.9433221220970154
397,TTP,apodca2890c4d,A,apob9237ccc51,A,3,[29],[29],TTP,TTP,8.709783554077148,3.82197904586792,0.7305237650871277,0.7516213655471802,0.8972946405410767,0.8550594449043274
398,TYD,apoa6cedd5e6c,A,apo7b54455720,A,3,[25],[25],TYD,TYD,5.241495609283447,3.36356258392334,1.4134541749954224,0.7464109063148499,0.8847036361694336,1.0345145463943481
399,K,apo22b84035b3,A,apo7d447b2b3e,A,3,[1],[1],K,K,6.915735244750977,2.968533515930176,1.5146572589874268,0.721117377281189,0.95567387342453,0.996418833732605
400,F6P,apo9f174cb24f,A,apo428e912d15,A,3,[16],[16],F6P,F6P,4.528430461883545,3.031431198120117,1.2082247734069824,0.7483760714530945,0.9594051837921143,0.8773367404937744
401,DGT,apobdfd5ed6c5,A,apo837ecb6e97,A,3,[31],[31],DGT,DGT,6.015196800231934,2.9847559928894043,1.2455178499221802,0.7529225945472717,0.9819766879081726,1.0059350728988647
402,CA,apo632f5cd88e,A,apod5bd73dc54,A,3,[1],[1],CA,CA,5.991866588592529,2.3518495559692383,1.676897644996643,0.6451085209846497,0.5274068117141724,1.3072056770324707
403,F6P,apo442de7048d,A,apo428e912d15,A,3,[16],[16],F6P,F6P,3.9696686267852783,3.232677936553955,0.9715227484703064,0.7547821998596191,0.9389240741729736,0.8425489664077759
404,SF4,apo736fc55dfa,A,apo9e41a8b34d,A,3,[8],[8],SF4,SF4,3.200836181640625,2.0920729637145996,1.4026950597763062,0.5790836215019226,0.9637794494628906,1.430907130241394
405,CA,apo471583481c,A,apo1ac83c6795,A,3,[1],[1],CA,CA,7.278580665588379,2.374851703643799,1.3814022541046143,0.6910547018051147,0.8681353330612183,1.037320613861084
406,CA,apobb57c3ff73,A,apof5865c43b6,A,3,[1],[1],CA,CA,8.322067260742188,2.084852933883667,1.4919753074645996,0.7031861543655396,0.9594898819923401,1.303278923034668
407,SF4,apo87912ac63c,A,apof250abc717,A,3,[8],[8],SF4,SF4,7.434788703918457,1.9698559045791626,1.6823713779449463,0.6113472580909729,0.7850208878517151,1.0820519924163818
408,CA,apo8c671a591c,A,apo4876e65784,A,3,[1],[1],CA,CA,6.764718532562256,2.709713935852051,1.4134607315063477,0.7499596476554871,0.8514934778213501,1.0988150835037231
409,CA,apo1110d05c6f,A,apo605d987afa,A,3,[1],[1],CA,CA,8.66431999206543,2.188166856765747,1.4091535806655884,0.6733402609825134,0.8824146389961243,1.2328662872314453
410,CA,apo94bc4d469b,A,apof5865c43b6,A,3,[1],[1],CA,CA,8.880759239196777,2.34393572807312,1.5963698625564575,0.7223110198974609,0.8822959661483765,1.2986853122711182
411,M6P,apo703b2f492b,A,apo88a64fa370,A,3,[16],[16],M6P,M6P,3.437530755996704,2.9574339389801025,1.550307273864746,0.7277975082397461,0.9159440994262695,1.1760542392730713
412,CAP,apo0cb9dd8b79,A,apo7093949971,A,4,[21],[21],CAP,CAP,4.882638931274414,5.136996746063232,0.5200998783111572,0.906366765499115,0.9859126210212708,0.772088885307312
413,SKM,apoc2bad139c1,A,apoeb78c816f2,A,4,[12],[12],SKM,SKM,2.3921525478363037,4.860424041748047,0.6758553385734558,0.8643722534179688,0.9858198165893555,0.8747220039367676
414,2GP,apob339ea69d4,A,apo08dbc36cb3,A,4,[24],[24],2GP,2GP,0.9766724109649658,2.7504029273986816,0.9129980206489563,0.8131434917449951,0.9757651686668396,0.8326116800308228
415,SKM,apob2978c18ed,A,apo0f9e91a457,A,4,[12],[12],SKM,SKM,2.355123281478882,4.889204025268555,0.6887460350990295,0.8581031560897827,0.9994588494300842,0.789040744304657
416,NXL,apo0e856668c7,A,apo7788e8b5c3,A,4,[17],[17],NXL,NXL,0.8844881653785706,4.642215728759766,0.5210134387016296,0.8739426136016846,0.9610319137573242,0.7274477481842041
417,TYD,apo3721324a05,A,apobdb30dfd1f,A,4,[25],[25],TYD,TYD,1.6109392642974854,4.163032531738281,0.6599937677383423,0.7616221904754639,0.984370768070221,0.7890581488609314
418,PCG,apofde131c74c,A,apo52f4408300,A,4,[23],[23],PCG,PCG,9.099098205566406,2.030289649963379,1.714181661605835,0.5885800123214722,0.6902195811271667,1.2765699625015259
419,DAN,apod694db67ee,A,apo42e42a3bb0,A,4,[20],[20],DAN,DAN,1.4598922729492188,4.378549575805664,0.63430255651474,0.8979235291481018,0.9134457111358643,0.7567694187164307
420,2GP,apo8a0feb81d5,A,apob339ea69d4,A,4,[24],[24],2GP,2GP,1.2262500524520874,2.7777674198150635,0.9568503499031067,0.8139815330505371,0.9535706639289856,0.8582432866096497
421,L3A,apoaa2d77cccf,A,apof9e4ef0a2c,A,4,[15],[15],L3A,L3A,0.865627110004425,5.025052070617676,0.4731445014476776,0.8904863595962524,0.9946969151496887,0.7235327363014221
422,BMP,apo7d51e707b6,A,apo703c3715e1,A,4,[22],[22],BMP,BMP,0.8435143828392029,4.6710124015808105,0.5014820098876953,0.8358035683631897,0.9961969256401062,0.7984299063682556
423,PYV,apo33e443bbe7,A,apo38401a11b0,A,4,[22],[22],PYV,PYV,1.3919216394424438,5.010448932647705,0.4533476233482361,0.9281609654426575,0.9994992613792419,0.7868614196777344
424,SKM,apob2978c18ed,A,apoeb78c816f2,A,4,[12],[12],SKM,SKM,2.1112828254699707,4.903573513031006,0.630132794380188,0.8542880415916443,0.9995735287666321,0.8123887181282043
425,M0E,apo0136414c24,A,apo57f4206d50,A,4,[84],[84],M0E,M0E,3.9841179847717285,3.566941976547241,0.7332128882408142,0.746675968170166,0.9988396763801575,0.8374886512756348
426,PYV,apo33e443bbe7,A,apo96656ba683,A,4,[22],[22],PYV,PYV,2.7851243019104004,4.999930381774902,0.42515042424201965,0.9298852682113647,0.999411404132843,0.7875235080718994
427,M0E,apo0136414c24,A,apo1099b90b24,A,4,[77],[84],M0E,M0E,6.150518894195557,4.484463691711426,0.6423442959785461,0.9013216495513916,0.9917102456092834,0.7839497327804565
428,SHR,apo6bf973c157,A,apoe14bda02ba,A,4,[19],[19],SHR,SHR,4.3661723136901855,4.508309364318848,0.7459375858306885,0.8244210481643677,0.9606361985206604,0.7579807639122009
429,MLY,apo33f7015dea,A,apoff18910305,A,4,[12],[12],MLY,MLY,7.657516002655029,4.4502153396606445,0.42410558462142944,0.8490555286407471,0.999494731426239,0.8756003975868225
430,SKM,apo364bca82c7,A,apob2978c18ed,A,4,[12],[12],SKM,SKM,1.2639129161834717,5.107541561126709,0.5730724930763245,0.8879479169845581,0.9998510479927063,0.8128165602684021
431,SKM,apoc2bad139c1,A,apo57a2683458,A,4,[12],[12],SKM,SKM,2.33962082862854,4.878026008605957,0.6031173467636108,0.8560390472412109,0.930696964263916,0.7431352734565735
432,CAP,apof7693cb2b8,A,apof9db16d102,A,4,[21],[21],CAP,CAP,1.13148832321167,4.795400619506836,0.6726439595222473,0.8633644580841064,0.9548392295837402,0.8005905151367188
433,M0E,apo1099b90b24,A,apo57f4206d50,A,4,[84],[77],M0E,M0E,4.962390422821045,3.6222405433654785,0.738628625869751,0.7831229567527771,0.998816728591919,0.849309504032135
434,CPR,apoef50d79b8c,A,apo318c479944,A,4,[22],[22],CPR,CPR,0.9863556623458862,5.039814472198486,0.6065595746040344,0.8745965957641602,0.9992333650588989,0.8231058120727539
435,TYD,apoa6cedd5e6c,A,apobdb30dfd1f,A,4,[25],[25],TYD,TYD,1.3412097692489624,4.582636833190918,0.5025978088378906,0.8431995511054993,0.9915785193443298,0.7186005115509033
436,SKM,apo0f9e91a457,A,apoeb78c816f2,A,4,[12],[12],SKM,SKM,2.5418026447296143,4.4813337326049805,0.7486396431922913,0.8058530688285828,0.9981379508972168,0.9388840198516846
437,SKM,apob2978c18ed,A,apoc2bad139c1,A,4,[12],[12],SKM,SKM,1.7974251508712769,4.95583438873291,0.621253252029419,0.8621413111686707,0.930795431137085,0.7974212169647217
438,SKM,apoc2bad139c1,A,apoeb78c816f2,A,4,[12],[12],SKM,SKM,2.3921546936035156,4.8604278564453125,0.675856351852417,0.864372730255127,0.9858173131942749,0.8747196793556213
439,SKM,apo364bca82c7,A,apoeb78c816f2,A,4,[12],[12],SKM,SKM,2.2400991916656494,5.0077009201049805,0.5977562069892883,0.8767373561859131,0.9867302179336548,0.8155473470687866
440,CAP,apo0cb9dd8b79,A,apo7093949971,A,4,[21],[21],CAP,CAP,4.882643222808838,5.136999130249023,0.5201008915901184,0.9063671231269836,0.9859130382537842,0.7720903158187866
441,CAP,apof9db16d102,A,apo7093949971,A,4,[21],[21],CAP,CAP,4.885963439941406,4.859658718109131,0.7257689237594604,0.8774763941764832,0.8991795778274536,0.7869868278503418
442,CYT,apo5a9b8409d6,A,apo169ca1d20c,A,4,[8],[8],CYT,CYT,1.7534964084625244,4.345534801483154,0.8059558868408203,0.8385961651802063,0.9764282703399658,0.8040739893913269
443,SKM,apo57a2683458,A,apoeb78c816f2,A,4,[12],[12],SKM,SKM,2.18035626411438,4.675933837890625,0.6588954925537109,0.8241927623748779,0.9817384481430054,0.8223262429237366
444,CAA,apoed40d751c6,A,apo937cad989b,A,4,[54],[54],CAA,CAA,4.245747089385986,4.360527992248535,0.7206626534461975,0.8473230004310608,0.9951909780502319,0.7935141921043396
445,SKM,apo364bca82c7,A,apo0f9e91a457,A,4,[12],[12],SKM,SKM,2.033909559249878,4.7087554931640625,0.702070951461792,0.8292685747146606,0.9992828369140625,0.8163812756538391
446,SIA,apo0d0b42695c,A,apoe05bc91286,A,4,[21],[21],SIA,SIA,7.186934471130371,3.807979106903076,0.6258206367492676,0.8930057287216187,0.995349109172821,0.8393757939338684
447,SKM,apob2978c18ed,A,apo57a2683458,A,4,[12],[12],SKM,SKM,0.9792042970657349,4.739231109619141,0.6232112050056458,0.830228865146637,0.997391402721405,0.8211870193481445
448,SIA,apo0d0b42695c,A,apo214d44df5b,A,4,[20],[21],SIA,SIA,7.275886058807373,4.119484901428223,0.7060450911521912,0.8995002508163452,0.9949407577514648,0.9573909640312195
449,SKM,apo364bca82c7,A,apoc2bad139c1,A,4,[12],[12],SKM,SKM,1.14482843875885,4.913327693939209,0.586907684803009,0.8589858412742615,0.9342042207717896,0.8147971630096436
450,F6P,apo72a4b9d979,A,apo442de7048d,A,4,[16],[16],F6P,F6P,3.061195135116577,4.959057331085205,0.5335477590560913,0.8898881673812866,0.96756911277771,0.7407179474830627
451,PQQ,apodeac7d5194,A,apo6ec54966a0,A,4,[24],[24],PQQ,PQQ,1.1332162618637085,3.9250149726867676,0.7496477365493774,0.8401602506637573,0.9979529976844788,1.014710545539856
452,VN4,apo998bb3ca3f,A,apo243dbcb124,A,4,[4],[4],VN4,VN4,1.9096217155456543,5.131834983825684,0.5154603123664856,0.9012080430984497,0.9996311664581299,0.7191674113273621
453,CAP,apo0cb9dd8b79,A,apof9db16d102,A,4,[21],[21],CAP,CAP,1.323824167251587,4.822499752044678,0.609753429889679,0.876648485660553,0.9752009510993958,0.791905403137207
454,PC,apo5c5bfeb367,A,apo6142d24d09,A,4,[11],[11],PC,PC,2.532454252243042,4.962642669677734,0.48210135102272034,0.8927657604217529,0.9937016367912292,0.7221386432647705
455,TYD,apo3721324a05,A,apoa6cedd5e6c,A,4,[25],[25],TYD,TYD,1.5567513704299927,4.603855133056641,0.7086279988288879,0.8278368711471558,0.9971377849578857,0.7768120765686035
456,TYD,apo0119d595d5,A,apobdb30dfd1f,A,4,[25],[25],TYD,TYD,1.8986790180206299,4.591598987579346,0.5827651023864746,0.8423784971237183,0.9885119199752808,0.7518793344497681
457,SKM,apo0f9e91a457,A,apoc2bad139c1,A,4,[12],[12],SKM,SKM,1.6477938890457153,4.962684631347656,0.633646547794342,0.8701398372650146,0.9900538325309753,0.7768988013267517
458,TTP,apoba6c9a6a3d,A,apob9237ccc51,A,4,[29],[29],TTP,TTP,7.385831832885742,3.79193377494812,0.6678054928779602,0.7717587351799011,0.9693170189857483,0.7828104496002197
459,1GP,apof5282a69e4,A,apo15878361a5,A,4,[10],[10],1GP,1GP,1.0479742288589478,4.842496395111084,0.45310962200164795,0.8630390167236328,0.995262622833252,0.7550384402275085
460,CAP,apof7693cb2b8,A,apo7093949971,A,4,[21],[21],CAP,CAP,4.859230041503906,5.0745849609375,0.5183067917823792,0.8889604210853577,0.9861749410629272,0.7601434588432312
461,SKM,apo0f9e91a457,A,apo57a2683458,A,4,[12],[12],SKM,SKM,2.719893455505371,4.554912567138672,0.5518209934234619,0.8140333890914917,0.9992003440856934,0.863915205001831
462,PQQ,apo2936580b07,A,apo6ec54966a0,A,4,[24],[24],PQQ,PQQ,0.8873212933540344,4.152935028076172,0.6336873173713684,0.8819226622581482,0.9778702259063721,0.927778422832489
463,SIA,apo214d44df5b,A,apoe05bc91286,A,4,[21],[20],SIA,SIA,5.7663068771362305,4.078615188598633,0.49049776792526245,0.8994433283805847,0.9909613728523254,0.8298401236534119
