ligand_id,tar_protein,tar_chain,src_protein,src_chain,cath_degree,src_ligand_n_atoms,tar_ligand_n_atoms,src_ligand,tar_ligand,ligand_rmsd,embedding_similarity,corr_rmsd,entropy,atom_type_fraction,radius_of_gyration,ligand_rmsd_loss
PYR,apoc6b5ea69aa,A,apo0305834168,A,0,[6],[6],PYR,PYR,12.778348733943622,2.1613895893096924,1.6035566329956057,0.7339137196540833,0.926313817501068,1.0540601015090942,5.609866142272949
FE2,apoea8e7659af,A,apo37cf2e80a1,A,0,[1],[1],FE2,FE2,5.8607249451986245,2.135039567947388,1.6158297061920166,0.6959467530250549,0.8709980249404907,1.416476130485535,3.695117950439453
SAM,apo0c4f651c46,A,apo218b3ecdc8,A,0,[27],[27],SAM,SAM,25.089405407358967,1.4788682460784912,1.5949875116348269,0.6501088738441467,0.6944394707679749,1.2198666334152222,7.150136947631836
CU1,apo3d60f5c576,A,apo5def8d15d8,A,0,[1],[1],CU1,CU1,3.4450062009554503,2.6759636402130127,1.4951289892196655,0.7834585309028625,0.6616383790969849,1.0847572088241575,2.562294244766236
IPE,apoba69899eaa,A,apo76b71509fd,A,0,[14],[14],IPE,IPE,18.928923875129907,2.2781927585601807,1.6057428121566772,0.7079980969429016,0.7642154097557068,1.1403886079788208,6.543251991271973
MN,apoe56eec81b4,A,apo932ec07ee7,A,0,[1],[1],MN,MN,1.6307124888146736,2.101508378982544,1.4799659252166748,0.7109671235084534,0.8216034770011902,1.0724000930786133,1.4020744562149048
PYR,apoc6b5ea69aa,A,apoa0b87ab07c,A,0,[5],[6],PYR,PYR,10.639027333559097,2.041705369949341,1.599149465560913,0.6948446035385132,0.7190002202987671,1.224313735961914,5.154810428619385
PYR,apoc6b5ea69aa,A,apoa4422865fc,A,0,[6],[6],PYR,PYR,39.42777998147947,1.7372453212738037,1.5632654428482056,0.6656184196472168,0.5370913743972778,1.054120421409607,7.976846218109131
FE2,apo80526afb52,A,apo1c765845fe,A,0,[1],[1],FE2,FE2,1.5592124800351745,2.316340923309326,1.4672633409500122,0.740257740020752,0.7842842936515808,1.023334503173828,1.3488916158676147
CU,apo16ec605a9d,A,apo3c541d6d49,A,0,[1],[1],CU,CU,1.7250159180574154,2.257254123687744,1.548112154006958,0.7309551239013672,0.5137109756469727,1.1612613201141355,1.471226930618286
PYR,apoa0b87ab07c,A,apo0305834168,A,0,[6],[5],PYR,PYR,10.80684423133113,2.883630752563477,1.439393162727356,0.7392833232879639,0.9178838729858398,1.004432201385498,5.193889141082764
MN,apo2736d9c612,A,apoc476e130f7,A,0,[1],[1],MN,MN,2.8903595796227957,2.5091676712036133,1.4927990436553955,0.7466611862182617,0.8447340726852417,1.029780626296997,2.24226450920105
AKG,apoe86394f4a0,A,apoa06a38fda5,A,0,[10],[10],AKG,AKG,14.172088183345084,2.3995418548583984,1.8605159521102903,0.713839054107666,0.7893322110176086,1.2337021827697754,5.862997055053711
CU,apo82ac663794,A,apo3c541d6d49,A,0,[1],[1],CU,CU,1.6981204485505197,2.310060739517212,1.5651583671569824,0.7230585813522339,0.6557475924491882,1.0515962839126587,1.451618194580078
SAM,apofd7fa63b48,A,apoe4100df4a7,A,0,[17],[27],SAM,SAM,23.21135603524741,2.4704928398132324,1.553936243057251,0.7241678237915039,0.773454487323761,1.136680006980896,6.9889817237854
COA,apo577a70e23b,A,apo8a016eb0da,A,0,[48],[48],COA,COA,8.187150863666615,2.7195873260498047,1.5285803079605105,0.7120848298072815,0.90828275680542,1.2026416063308716,4.501612663269043
AES,apod56a7b01eb,A,apo4af3935b8e,A,0,[13],[13],AES,AES,32.90300327896756,2.190512180328369,1.5372002124786377,0.7042827010154724,0.8838281631469727,1.1120988130569458,7.669160842895508
OXY,apo2c3a0c55e6,A,apofab7035337,A,0,[2],[1],OXY,OXY,28.64566082330852,2.45190978050232,1.3685637712478638,0.7739963531494141,0.7737265825271606,0.9817822575569152,7.412387371063232
FE,apo1289eb47dc,A,apof812dd602f,A,0,[1],[1],FE,FE,24.578799900871406,2.6287379264831543,1.484728217124939,0.6895056366920471,0.7031731009483337,1.3065202236175537,7.108054637908936
FE,apoeb7baac587,A,apoa97fe99429,A,0,[1],[1],FE,FE,2.1126958160253557,2.20377254486084,1.709496021270752,0.7577328085899353,0.7214586734771729,1.0371288061141968,1.744199514389038
NI,apof290017a5d,A,apo3c0ee48c2a,A,0,[1],[1],NI,NI,0.7374465524990695,2.4545257091522217,1.314683437347412,0.7318910956382751,0.8559041619300842,1.033995270729065,0.6867988109588623
SAM,apoe4100df4a7,A,apo218b3ecdc8,A,0,[27],[17],SAM,SAM,2.0073101297766174,4.311281204223633,0.7624287009239197,0.8031446933746338,0.9970316886901855,0.7604691982269287,1.6717400550842283
FE2,apoc49b4bd58c,A,apo37cf2e80a1,A,0,[1],[1],FE2,FE2,24.25134549687881,2.3216958045959477,1.750542402267456,0.7054499983787537,0.657685399055481,1.110259771347046,7.080406665802002
CO,apoa708248ee5,A,apo634102baf3,A,0,[1],[1],CO,CO,49.96547017012717,2.2418417930603027,1.4640520811080933,0.7066157460212708,0.6457770466804504,1.212199091911316,8.33237361907959
FE,apoa76603c89f,A,apo4c752695c4,A,0,[1],[1],FE,FE,2.786502919022642,2.5182085037231445,1.5980138778686523,0.6973933577537537,0.8494635224342346,1.347551941871643,2.179253339767456
ADP,apo4a7118351f,A,apoe12bfd702d,A,0,[27],[27],ADP,ADP,20.17065107631787,2.789272785186768,1.5141832828521729,0.7064157724380493,0.857063353061676,1.3586390018463137,6.685520648956299
OXY,apo2c3a0c55e6,A,apocaef52ba11,A,0,[2],[1],OXY,OXY,25.96366989424498,2.3632025718688965,1.4976400136947632,0.7366094589233398,0.5852163434028625,1.0828710794448853,7.21941614151001
FE2,apo3adfbe03e8,A,apo80526afb52,A,0,[1],[1],FE2,FE2,1.8481033526049737,2.396890163421631,1.4320122003555298,0.6838852763175964,0.7386759519577026,1.0383448600769043,1.5598305463790894
FE,apo0d054537d5,A,apoa97fe99429,A,0,[1],[1],FE,FE,0.4078907632818163,2.4539871215820312,1.4586880207061768,0.7170146703720093,0.8709770441055298,0.9640987515449524,0.3919053077697754
CO,apo7f5816a39c,A,apo634102baf3,A,0,[1],[1],CO,CO,44.61438579805964,2.9090917110443115,1.3237173557281494,0.6756433248519897,0.9633393287658693,0.8475337028503418,8.168980598449707
FE2,apo37cf2e80a1,A,apo1c765845fe,A,0,[1],[1],FE2,FE2,4.025305716295586,2.4011754989624023,1.606007099151611,0.7361984848976135,0.8034387230873108,1.0819474458694458,2.870030641555786
FE,apo6361ca5c40,A,apo8720488000,A,0,[1],[1],FE,FE,1.067088277920304,2.50966215133667,1.4673073291778564,0.736471951007843,0.7561541199684143,1.0144118070602417,0.9641996622085572
FE2,apo42db5ab941,A,apo80526afb52,A,0,[1],[1],FE2,FE2,2.748289827197815,2.3441314697265625,1.5229071378707886,0.7012113928794861,0.5964387059211731,1.1319464445114136,2.155810594558716
FE,apof30a35524c,A,apo0d054537d5,A,0,[1],[1],FE,FE,2.4598892831626933,2.403871774673462,1.5013325214385986,0.7233474850654602,0.584043562412262,0.975613534450531,1.9742465019226076
AKG,apo754fdde920,A,apoa06a38fda5,A,0,[10],[10],AKG,AKG,13.273801702493369,2.211902141571045,1.601964235305786,0.7231652140617371,0.7422712445259094,1.1462798118591309,5.7033233642578125
CU,apo3c541d6d49,A,apo561904df3e,A,0,[1],[1],CU,CU,1.1481242706750723,2.2284364700317383,1.5747320652008057,0.6970886588096619,0.7074949145317078,1.3921523094177246,1.0298811197280884
BMA,apo7acc86e0e7,A,apo8f0025a8ed,A,0,[12],[12],BMA,BMA,15.60937530719559,2.3698644638061523,1.5893234014511108,0.7016587257385254,0.8036332130432129,1.0798851251602173,6.095180034637451
SAM,apofd7fa63b48,A,apo89ae69e16b,A,0,[27],[27],SAM,SAM,24.51335094258889,2.381187677383423,1.6799240112304688,0.6957845687866211,0.9005314707756042,1.087541103363037,7.102570533752441
AMP,apofff8bca9bc,A,apof731c02ff6,A,0,[23],[22],AMP,AMP,11.426163914722897,2.288397789001465,1.6726837158203125,0.7110782265663147,0.6153203248977661,1.049676537513733,5.332808971405029
FE,apod5332d15e2,A,apoa97fe99429,A,0,[1],[1],FE,FE,1.81086027602013,1.9023292064666748,1.823385238647461,0.6967051029205322,0.8002048134803772,1.0884559154510498,1.5332162380218506
MN,apo4108a8db6c,A,apoc476e130f7,A,0,[1],[1],MN,MN,2.4375933975103012,2.7347054481506348,1.447292447090149,0.724138617515564,0.8906265497207642,1.243146896362305,1.9598593711853027
CA,apo75788ed7ad,A,apo3b61ae9cd2,A,0,[1],[1],CA,CA,37.0935483595701,1.8223426342010496,1.624009370803833,0.7124198079109192,0.8397628664970398,1.153144359588623,7.876566886901855
SAM,apofd7fa63b48,A,apo7d270341fc,A,0,[26],[27],SAM,SAM,23.882692950535667,2.4956061840057373,1.4677850008010864,0.7220921516418457,0.8974765539169312,1.2269611358642578,7.048640727996826
SAM,apofd7fa63b48,A,apo865b191f3d,A,0,[27],[27],SAM,SAM,24.447108139161486,2.708804130554199,1.56945538520813,0.7332249879837036,0.930059015750885,1.1703898906707764,7.096998691558838
FE2,apoc49b4bd58c,A,apo80526afb52,A,0,[1],[1],FE2,FE2,24.375799093344597,2.330968379974365,1.4803956747055054,0.7323646545410156,0.8317574262619019,1.0696361064910889,7.090976715087891
SAM,apofd7fa63b48,A,apo0c4f651c46,A,0,[27],[27],SAM,SAM,19.3913392509774,1.984253168106079,1.483839511871338,0.6562398672103882,0.8725218176841736,1.2727700471878052,6.597637176513672
CU,apo27cbc40f27,A,apo3c541d6d49,A,0,[1],[1],CU,CU,0.5353917697036842,2.4661030769348145,1.5689473152160645,0.7459864616394043,0.7183482646942139,1.0060166120529177,0.508184015750885
FE,apoe86394f4a0,A,apod5332d15e2,A,0,[1],[1],FE,FE,3.5573585327204498,2.386812210083008,1.4503366947174072,0.7296268343925476,0.8512371182441711,1.1024607419967651,2.623931884765625
SAM,apob0da859712,A,apo218b3ecdc8,A,0,[27],[27],SAM,SAM,4.848751083616518,3.5341529846191406,1.214982271194458,0.7375997304916382,0.9766024947166444,0.970491111278534,3.2654268741607666
CU1,apo3d60f5c576,A,apo3454353519,A,0,[1],[1],CU1,CU1,3.487351106448584,2.81403923034668,1.7799184322357178,0.7549139857292175,0.799975574016571,1.26820170879364,2.58564567565918
COA,apo577a70e23b,A,apo53f0c8aada,A,0,[48],[48],COA,COA,33.490582804153306,2.652792930603028,1.685793161392212,0.7380292415618896,0.9452990293502808,1.2630090713500977,7.7006516456604
AMP,apo31667e1c97,A,apof731c02ff6,A,0,[23],[23],AMP,AMP,13.214944957336638,2.540922164916992,1.4634690284729004,0.7249409556388855,0.8832905888557434,1.0984737873077393,5.692430019378662
FE,apoe86394f4a0,A,apoa97fe99429,A,0,[1],[1],FE,FE,2.0438901070375555,2.6814041137695312,1.4122295379638672,0.7145848870277405,0.8594570159912109,1.131770372390747,1.6970348358154297
GTP,apo3a68bb90dc,A,apo141a89905f,A,0,[32],[32],GTP,GTP,13.09588911957407,2.038602828979492,1.5615774393081665,0.7160592079162598,0.909216582775116,1.2215882539749146,5.670225143432617
CO,apo634102baf3,A,apo7a12359999,A,0,[1],[1],CO,CO,23.848245603275018,2.452483654022217,1.483812689781189,0.6473801732063293,0.9602638483047484,1.2108148336410522,7.045637130737305
SAM,apoe4100df4a7,A,apo218b3ecdc8,A,0,[27],[17],SAM,SAM,2.007312535965292,4.311278820037842,0.7624297738075256,0.8031439185142517,0.9970316290855408,0.7604690194129944,1.6717417240142822
SAH,apoa53a2dbad6,A,apoe236bd5263,A,0,[26],[26],SAH,SAH,1.7463558585121517,4.788510322570801,0.4890260696411133,0.8410419821739197,0.8775027990341187,0.6670933961868286,1.486721396446228
NAD,apoc79cad30a3,A,apo5399548934,A,0,[44],[44],NAD,NAD,10.24087501417579,2.708718776702881,1.413522243499756,0.6825841069221497,0.8700946569442749,1.17889404296875,5.059502124786377
AMP,apo6031cfefc9,A,apof731c02ff6,A,0,[23],[22],AMP,AMP,12.492197210418936,2.671990394592285,1.4745888710021973,0.7587626576423645,0.8044928312301636,1.0908030271530151,5.554013729095459
MN,apo11a8643c4e,A,apo932ec07ee7,A,0,[1],[1],MN,MN,66.6798320698105,1.3473296165466309,1.7135618925094604,0.5692822933197021,0.4589767754077911,1.760769963264465,8.695876121520996
MN,apof4dfee2fcd,A,apo929965e108,A,0,[1],[1],MN,MN,18.206528376373974,2.128323554992676,1.4308373928070068,0.6915968656539917,0.8218651413917542,1.2387416362762451,6.454721450805664
CO,apo634102baf3,A,apo826f3f2afa,A,0,[1],[1],CO,CO,23.692019425889118,2.2998275756835938,1.5936014652252195,0.7068130373954773,0.6848872900009155,1.176993489265442,7.031938076019287
MN,apob52d99e27a,A,apoa08ef001a8,A,0,[1],[1],MN,MN,2.4379843575066453,2.400353193283081,1.5623393058776855,0.7576822638511658,0.6191624999046326,0.973417580127716,1.9601120948791504
AMP,apob5350c771e,A,apofff8bca9bc,A,1,[22],[23],AMP,AMP,7.1987194648494155,2.3822615146636963,1.589596152305603,0.7243689298629761,0.8678590059280396,1.221318244934082,4.185613632202148
E4P,apo3827182a20,A,apo518eed0988,A,1,[12],[12],E4P,E4P,3.75565083748919,2.6265039443969727,1.5296621322631836,0.7441178560256958,0.8687728643417358,1.1545287370681765,2.730260372161865
ACO,apo4a65dbb781,A,apo63599a476b,A,1,[51],[51],ACO,ACO,65.2375533387339,2.5009684562683105,1.4300497770309448,0.6440178751945496,0.8992172479629517,1.1202105283737185,8.670876502990723
NVA,apo5b5f7505e1,A,apo9374f3f29e,A,1,[7],[8],NVA,NVA,45.010959424423,1.9882984161376955,1.4694286584854126,0.6749793291091919,0.2831994295120239,1.1897203922271729,8.182180404663086
GTP,apo3a68bb90dc,A,apo9fb2d1f03d,A,1,[32],[32],GTP,GTP,13.452860817974704,2.597433567047119,1.5826575756072998,0.6505208015441895,0.7945603132247925,1.4821752309799194,5.736127853393555
PO3,apoffabde935b,A,apo357d306a87,A,1,[4],[4],PO3,PO3,6.804282994705231,2.234325647354126,1.5833648443222046,0.7564409375190735,0.7190964818000793,1.1478573083877563,4.049136161804199
CTP,apo1182c7949c,A,apo02fd55da58,A,1,[29],[29],CTP,CTP,3.7125109419965883,2.9044508934021,1.7216241359710691,0.7436780333518982,0.6811545491218567,1.1304298639297483,2.7073895931243896
APR,apod89ecce343,A,apof5de2d448c,A,1,[36],[18],APR,APR,28.183402875983212,2.4893383979797363,1.5674643516540527,0.6888997554779053,0.8239687085151672,1.3347562551498413,7.38106107711792
AMP,apo31667e1c97,A,apo81026162f7,A,1,[23],[23],AMP,AMP,22.68517372695254,2.4582881927490234,1.5448788404464722,0.7050342559814453,0.8826179504394531,1.2502368688583374,6.940508842468262
AMP,apo9bfef3aac4,A,apoc9cfbbc27e,A,1,[23],[22],AMP,AMP,16.184458072194445,2.408897638320923,1.859400987625122,0.6800559163093567,0.6917362213134766,1.0876526832580566,6.180940628051758
APR,apo0ccbcef8ff,A,apo10ffc1123f,A,1,[36],[36],APR,APR,7.38502426431943,2.5917561054229736,1.3668699264526367,0.7420591711997986,0.888728141784668,0.9256323575973512,4.247922897338867
OXY,apo661b32cc25,A,apocaef52ba11,A,1,[2],[2],OXY,OXY,3.3394438866426626,2.2876546382904053,1.5166360139846802,0.7017452716827393,0.8537449240684509,1.2398303747177124,2.503435611724853
ACO,apo707c2444cb,A,apo63599a476b,A,1,[51],[48],ACO,ACO,8.910616436904752,2.562295913696289,1.4691694974899292,0.6937558054924011,0.862438440322876,1.1875618696212769,4.711965084075928
FE,apof812dd602f,A,apo78d677d71f,A,1,[1],[1],FE,FE,25.741393544041728,2.319143295288086,1.4267125129699707,0.6708529591560364,0.4979181587696075,1.3170675039291382,7.202123641967773
MG,apoe861c1ceeb,A,apo7b8e856a60,A,1,[1],[1],MG,MG,1.8022278509322331,2.620923519134521,1.601781725883484,0.6833944916725159,0.9210027456283568,1.1823885440826416,1.527023434638977
AMP,apofff8bca9bc,A,apo31667e1c97,A,1,[23],[22],AMP,AMP,4.25000110417613,2.3934192657470703,1.3763189315795898,0.6915356516838074,0.9145808219909668,1.3196463584899902,2.982456684112549
APC,apo002721cb9d,A,apod5332d15e2,A,1,[31],[31],APC,APC,11.32949070963066,2.3681349754333496,1.7197076082229614,0.6722396612167358,0.9469775557518004,1.0707687139511108,5.311655521392822
AMP,apof731c02ff6,A,apo9bfef3aac4,A,1,[22],[23],AMP,AMP,28.399889844066003,2.310786724090576,1.7190908193588257,0.7127676010131836,0.3789216578006744,1.1785848140716553,7.3958258628845215
AMP,apo81026162f7,A,apo9bfef3aac4,A,1,[22],[23],AMP,AMP,13.740626698061945,2.684462070465088,1.463258147239685,0.6653639674186707,0.8573431968688965,1.16727614402771,5.787811279296875
CU,apo82ac663794,A,apo561904df3e,A,1,[1],[1],CU,CU,1.3507575310227495,2.2449193000793457,1.637656331062317,0.6879197955131531,0.6615621447563171,1.159495830535889,1.1900153160095217
CO,apo7f5816a39c,A,apoa7721c0af3,A,1,[1],[1],CO,CO,35.038074494491234,1.8217406272888184,1.6515729427337646,0.6582873463630676,0.9135106205940248,1.2876255512237549,7.779656410217285
APR,apo0ccbcef8ff,A,apod89ecce343,A,1,[18],[36],APR,APR,28.79961902534725,2.581286668777466,1.5164151191711426,0.7335112690925598,0.6526626348495483,1.2186914682388306,7.42265510559082
GDD,apo9f0646f37b,A,apo8bb1929ceb,A,1,[39],[39],GDD,GDD,8.635972355356637,2.8603403568267822,1.4988199472427368,0.7125672698020935,0.9350115656852722,1.194823980331421,4.634033679962158
CO,apo826f3f2afa,A,apo7a12359999,A,1,[1],[1],CO,CO,4.215904139012653,2.272752285003662,1.68764066696167,0.6537193655967712,0.5543602705001831,1.1788233518600464,2.965625047683716
MG,apoe861c1ceeb,A,apob7b299a860,A,1,[1],[1],MG,MG,4.291879335532342,2.3086581230163574,1.6147218942642212,0.6217418909072876,0.9052229523658752,1.2966327667236328,3.0030195713043213
ADP,apo4a7118351f,A,apofe46173242,A,1,[27],[27],ADP,ADP,3.6045915184990545,2.857534408569336,1.3140813112258911,0.7041965126991272,0.8721082210540771,1.0590791702270508,2.649540424346924
ACO,apo4a65dbb781,A,apo52a5d4138d,A,1,[51],[51],ACO,ACO,6.91616674695281,2.9559171199798584,1.519635796546936,0.6971920132637024,0.9422844648361206,0.996440291404724,4.088495254516602
MG,apo14d744eaef,A,apoe861c1ceeb,A,1,[1],[1],MG,MG,14.78580799186867,1.731231451034546,2.0257720947265625,0.6351260542869568,0.8069149255752563,1.143301248550415,5.965433120727539
PYR,apoa0b87ab07c,A,apoa4422865fc,A,1,[6],[5],PYR,PYR,27.38348810615642,2.3985400199890137,1.6307107210159302,0.7346308827400208,0.6815495491027832,1.017243266105652,7.325022220611572
MG,apoca70b75c08,A,apob7b299a860,A,1,[1],[1],MG,MG,9.705135940079682,2.622680187225342,1.5014225244522097,0.7168789505958557,0.8594979047775269,1.157279372215271,4.925180912017822
ADP,apo86507552c8,A,apob754340d0d,A,1,[27],[27],ADP,ADP,4.710021915782916,3.151299238204956,1.393581748008728,0.7485827803611755,0.6964077353477478,1.1090595722198486,3.201913595199585
RBF,apo9e85e46298,A,apo5d61b7f6bc,A,1,[27],[27],RBF,RBF,26.195605029460946,2.7737460136413574,1.542472243309021,0.721977710723877,0.9251885414123536,0.9705922603607178,7.237233638763428
ACP,apob3738e2c2c,A,apof1a565f5fa,A,1,[31],[31],ACP,ACP,4.18004923102305,3.030023097991944,1.5307283401489258,0.7498208284378052,0.7528436779975891,1.1136027574539185,2.947838306427002
PYR,apo0305834168,A,apoa4422865fc,A,1,[6],[6],PYR,PYR,35.174050735161394,2.538975238800049,1.598387598991394,0.6830312609672546,0.7722909450531006,1.1467176675796509,7.78633975982666
CU,apocf2e397038,A,apo27cbc40f27,A,1,[1],[1],CU,CU,0.22294679072839227,2.7166008949279785,1.3839954137802124,0.7609807252883911,0.4257020056247711,0.9118107557296752,0.2180846631526947
ACO,apo4d4153c641,A,apo707c2444cb,A,1,[48],[51],ACO,ACO,3.847359542189424,3.1347479820251465,1.3447104692459106,0.7230992913246155,0.8330923914909363,1.2272834777832031,2.7784066200256348
ATP,apod4392cef85,A,apo9e6b4afa13,A,1,[31],[31],ATP,ATP,26.20276567701773,2.2203097343444824,1.6662620306015017,0.7223374247550964,0.961452841758728,1.0690574645996094,7.237780094146728
GDP,apo11d986f878,A,apoc42d5dc4b8,A,1,[28],[28],GDP,GDP,10.997081847441073,2.5973892211914062,1.5310699939727783,0.7319634556770325,0.4553423821926117,1.1308916807174685,5.237433433532715
CU,apo16ec605a9d,A,apo27cbc40f27,A,1,[1],[1],CU,CU,0.6461486880603929,2.785578966140747,1.3469784259796145,0.7062877416610718,0.4508863687515259,1.0832993984222412,0.6069318652153015
GTP,apofe57346899,A,apo3a68bb90dc,A,1,[32],[32],GTP,GTP,13.23118739762319,2.3337411880493164,1.4876158237457275,0.6961027979850769,0.7742627263069153,1.3251458406448364,5.695441722869873
CTP,apoab1dde69c6,A,apo02fd55da58,A,1,[29],[29],CTP,CTP,5.520442575120306,2.8839006423950195,1.3272294998168943,0.7203876376152039,0.8930829763412476,1.0727930068969729,3.556884765625
AMP,apo43b8eb62f6,A,apoc9cfbbc27e,A,1,[23],[23],AMP,AMP,28.673098069675486,2.593806028366089,1.5073368549346924,0.7048202157020569,0.797852098941803,1.0703363418579102,7.414223194122314
AMP,apob5350c771e,A,apof76d61a07e,A,1,[23],[23],AMP,AMP,15.276390007281048,2.5973188877105717,1.9805703163146973,0.7056015133857727,0.7748327255249023,1.1884092092514038,6.043738842010498
CTP,apo9b8c5442fb,A,apo02fd55da58,A,1,[29],[29],CTP,CTP,5.210530175120205,3.056035041809082,1.3922348022460938,0.6930143237113953,0.8809124827384949,1.140560269355774,3.425607204437256
GDP,apoc424f1c171,A,apo74272096bc,A,1,[28],[28],GDP,GDP,3.522568947126364,2.8928065299987797,1.4657480716705322,0.6945405006408691,0.8612428307533264,1.2007042169570925,2.6049554347991943
OXY,apofab7035337,A,apocaef52ba11,A,1,[2],[2],OXY,OXY,3.9514966169906534,2.175166368484497,1.67304265499115,0.7550211548805237,0.5460548996925354,1.0130285024642944,2.832310199737549
ADP,apo206dd52b94,A,apo7fdf0220e6,A,1,[27],[27],ADP,ADP,13.390453059309738,2.650096893310547,1.594579577445984,0.6763859391212463,0.8188947439193726,1.298598051071167,5.7247514724731445
APR,apo10ffc1123f,A,apof5de2d448c,A,1,[36],[36],APR,APR,7.426028877581672,2.6515183448791504,1.536407232284546,0.7271692156791687,0.8050163984298706,1.2129937410354614,4.261457920074463
COA,apofdd79e76b6,A,apo53f0c8aada,A,1,[48],[48],COA,COA,35.22598522207325,2.654106378555298,1.6194276809692385,0.6895103454589844,0.950597047805786,1.1949511766433716,7.788881778717041
COA,apo8a016eb0da,A,apo53f0c8aada,A,1,[48],[48],COA,COA,34.05128146959715,2.6588480472564697,1.586319923400879,0.7224238514900208,0.5881906151771545,1.1785118579864502,7.729918479919434
MG,apof887ac382f,A,apodcdae1d5e0,A,1,[1],[1],MG,MG,0.9617582520111516,2.772186756134033,1.4734407663345337,0.745474636554718,0.4629206359386444,1.011957049369812,0.8773759007453918
MG,apoa95f261b95,A,apod52f6358a3,A,1,[1],[1],MG,MG,3.715254223764864,2.545138359069824,1.5360664129257202,0.7383537292480469,0.6833255887031555,1.144830584526062,2.708848237991333
FE,apoc3d0196062,A,apod3ecc70b32,A,1,[1],[1],FE,FE,1.9866448047712422,2.627149820327759,1.3123594522476196,0.7486943602561951,0.7762148976325989,0.896586000919342,1.657381892204285
FE,apoa76603c89f,A,apod3ecc70b32,A,1,[1],[1],FE,FE,3.2047796074548267,2.219641923904419,1.5232943296432495,0.7405779957771301,0.4623920917510986,1.0697739124298096,2.4269845485687256
CO,apoa708248ee5,A,apoa7721c0af3,A,1,[1],[1],CO,CO,19.397152537735174,2.452412366867065,1.5296849012374878,0.7685405611991882,0.7747095823287964,1.0841944217681885,6.5983099937438965
ADP,apo86507552c8,A,apo0b0f172b8c,A,1,[27],[27],ADP,ADP,3.244519593031791,2.9736521244049072,1.547135353088379,0.6888822317123413,0.7888994216918945,1.2274643182754517,2.449707269668579
AMP,apofff8bca9bc,A,apoacde4420e4,A,1,[23],[22],AMP,AMP,3.7454254466144774,2.6726033687591557,1.5042024850845337,0.7358815670013428,0.8447337746620178,1.069744348526001,2.7248523235321045
FE,apo40888f554b,A,apoca3573a363,A,1,[1],[1],FE,FE,2.9039050250360376,1.644215703010559,1.4631304740905762,0.5777225494384766,0.7492961287498474,0.8536680936813354,2.2504079341888428
ACO,apo52a5d4138d,A,apo707c2444cb,A,1,[48],[51],ACO,ACO,4.701915383324659,3.3627049922943115,1.4236444234848022,0.7292670607566833,0.9218982458114624,1.1313674449920654,3.19816517829895
NAD,apo027b404733,A,apo1a92a18e19,A,1,[44],[44],NAD,NAD,45.12757019909678,4.2351579666137695,0.728044867515564,0.7689436078071594,0.8258221745491028,0.7106819152832031,8.186025619506836
AMP,apo9bfef3aac4,A,apo594bfe1d35,A,1,[22],[22],AMP,AMP,28.11323189321072,2.287252187728882,1.5514992475509644,0.6745206713676453,0.5226079225540161,1.165121078491211,7.37623929977417
ZN,apof471c2e230,A,apofc7258d0ff,A,1,[1],[1],ZN,ZN,26.801127573610955,2.0809547901153564,1.591760516166687,0.6959367394447327,0.4075565934181213,1.061153531074524,7.282691955566406
COA,apo034597ae6f,A,apo53f0c8aada,A,1,[48],[48],COA,COA,27.47321940060775,2.4424595832824707,1.7196966409683228,0.7268406748771667,0.8447282314300537,1.103618860244751,7.331427574157715
FE,apo78d677d71f,A,apod5332d15e2,A,1,[1],[1],FE,FE,3.1239827030059284,2.554800510406494,1.4737269878387451,0.7220644354820251,0.7847568392753601,1.0948718786239624,2.380361795425415
CU,apo561904df3e,A,apo842947d060,A,1,[1],[1],CU,CU,55.61424498714719,2.3946688175201416,1.41462504863739,0.6160915493965149,0.8697220683097839,1.300661563873291,8.475940704345703
ADP,apo86507552c8,A,apo054baf1219,A,1,[27],[27],ADP,ADP,2.795263862445447,3.150421619415283,1.302247405052185,0.7298790812492371,0.7389145493507385,0.9852969646453856,2.184608221054077
ZN,apo2ef4097b74,A,apo04b5c3c1eb,A,1,[1],[1],ZN,ZN,39.89301258202487,1.4185822010040283,1.523357629776001,0.6164078116416931,0.6285536289215088,1.9694499969482424,7.995711326599121
FE,apo6361ca5c40,A,apoe20cde3507,A,1,[1],[1],FE,FE,1.48486218541333,2.3127999305725098,1.497128963470459,0.7129719853401184,0.8310424089431763,1.0727696418762207,1.2928863763809204
MN,apo290959f359,A,apof4dfee2fcd,A,1,[1],[1],MN,MN,3.622201813134996,2.3637912273406982,1.4542338848114014,0.6876267194747925,0.5613694190979004,1.3790843486785889,2.659042835235596
AMP,apo43b8eb62f6,A,apo81026162f7,A,1,[23],[23],AMP,AMP,19.474658269129524,2.756422758102417,1.5447475910186768,0.69832444190979,0.830808162689209,1.0643917322158811,6.607254981994629
ADP,apo87cf43f9a7,A,apob7b299a860,A,1,[27],[27],ADP,ADP,3.4128383474227215,2.8649349212646484,1.4511374235153198,0.6974490284919739,0.787147045135498,1.2103536128997805,2.5444564819335938
AMP,apo6031cfefc9,A,apob5350c771e,A,1,[23],[22],AMP,AMP,10.53666635819833,2.4898972511291504,1.4164388179779053,0.7487359046936035,0.4876192808151245,1.0223116874694824,5.130660533905029
AMP,apob5350c771e,A,apoacde4420e4,A,1,[23],[23],AMP,AMP,11.721390175931543,2.4369606971740723,1.7009252309799194,0.6794040203094482,0.7565991878509521,1.339253067970276,5.396243095397949
GAL,apo7061dca62c,A,apoef6a70afe6,A,1,[12],[12],GAL,GAL,8.15436864426734,2.325594902038574,1.5478578805923462,0.7135749459266663,0.6891710758209229,1.245879054069519,4.4916839599609375
MG,apo89440a8c89,A,apo8b15831cd4,A,1,[1],[1],MG,MG,6.690864145258093,2.490423679351806,1.4974846839904783,0.6891912817955017,0.7640553116798401,1.535583734512329,4.008698463439941
5GP,apo96b90e26b3,A,apofaf8b26195,A,1,[24],[24],5GP,5GP,6.506952941710318,3.0373685359954834,1.5061802864074707,0.7597360014915466,0.5996225476264954,1.0805363655090332,3.9419467449188232
CU,apo184e9055c0,A,apo842947d060,A,1,[1],[1],CU,CU,51.57864817503159,2.221863985061645,1.6564756631851196,0.6779571175575256,0.7601119875907898,1.1527003049850464,8.376060485839844
FE,apo0d054537d5,A,apof812dd602f,A,1,[1],[1],FE,FE,24.876746163919137,2.635060310363769,1.5533283948898315,0.6519523859024048,0.906990647315979,1.0904446840286257,7.132760047912598
UDP,apob2e0f8db00,A,apod2359bd57e,A,1,[25],[25],UDP,UDP,4.647915341325472,3.388343572616577,1.4282066822052002,0.6950499415397644,0.9211729764938354,1.335863709449768,3.1730899810791016
AMP,apob5350c771e,A,apo43b8eb62f6,A,1,[23],[23],AMP,AMP,15.283130646925153,2.684483528137207,1.691723108291626,0.6950226426124573,0.9216541647911072,1.1326144933700562,6.044793605804443
UDP,apo5ced6e3fa7,A,apof9d3cdb3e6,A,1,[25],[25],UDP,UDP,3.6293701321751612,3.280712604522705,1.1594067811965942,0.7425752282142639,0.9688374400138856,0.8184064626693726,2.6629037857055664
FE,apof812dd602f,A,apoc9f78f2906,A,1,[1],[1],FE,FE,27.89639475459391,2.2021594047546387,1.5004812479019165,0.6712216734886169,0.4693612456321716,1.2371898889541626,7.361226558685303
ADP,apo87cf43f9a7,A,apoa8e70695a2,A,1,[27],[27],ADP,ADP,2.0059037056624542,2.8714394569396973,1.4523730278015137,0.7093845009803772,0.8381600379943848,1.275322437286377,1.670764446258545
UDP,apob2e0f8db00,A,apo5ced6e3fa7,A,1,[25],[25],UDP,UDP,4.109582197917794,3.159919023513794,1.491572022438049,0.7345777153968811,0.7868438959121704,1.2709039449691772,2.912617921829224
CU,apoa1055b5623,A,apo27cbc40f27,A,1,[1],[1],CU,CU,1.1021596767658115,2.683993339538574,1.4137338399887085,0.7494218349456787,0.4495755434036255,0.9274213910102844,0.9927434921264648
MG,apoc188dec860,A,apo23256d05b9,A,1,[1],[1],MG,MG,18.805371118699195,2.412863254547119,1.301234483718872,0.708357036113739,0.9692558646202089,0.827610969543457,6.528425216674805
FE,apo78d677d71f,A,apoca3573a363,A,1,[1],[1],FE,FE,1.6467756757142884,1.9764820337295528,1.4221830368041992,0.6584450006484985,0.6489658951759338,1.2426022291183472,1.4139326810836792
AMP,apofff8bca9bc,A,apo594bfe1d35,A,1,[22],[22],AMP,AMP,5.607216634940991,2.589228391647339,1.4141757488250732,0.7010960578918457,0.431596040725708,1.0834800004959106,3.592707633972168
NAD,apob53e931f19,A,apof6b573ee02,A,1,[44],[44],NAD,NAD,5.001667267607878,2.6366937160491943,1.2813231945037842,0.6791305541992188,0.863214373588562,1.109595775604248,3.3340742588043213
AMP,apo5c44ba9907,A,apo81026162f7,A,1,[23],[23],AMP,AMP,23.450601333460938,3.0405983924865723,1.1503801345825195,0.7276003360748291,0.778821587562561,0.961113691329956,7.010517120361328
FE,apof812dd602f,A,apocaef52ba11,A,1,[1],[1],FE,FE,27.09258377195922,2.2245278358459477,1.4288842678070068,0.7231362462043762,0.7275636196136475,1.0742651224136353,7.304043292999268
FE,apo1289eb47dc,A,apocaef52ba11,A,1,[1],[1],FE,FE,1.2931398851521914,2.5374131202697754,1.285140872001648,0.6790730357170105,0.9100462198257446,1.0231690406799316,1.145066738128662
FE,apo0d054537d5,A,apoe20cde3507,A,1,[1],[1],FE,FE,1.9988125068970646,2.1492908000946045,1.585540533065796,0.6994473934173584,0.8372438549995422,1.0420315265655518,1.6658419370651243
AMP,apo5c44ba9907,A,apoc9cfbbc27e,A,1,[23],[23],AMP,AMP,27.415408857264232,2.5069267749786377,1.7848880290985107,0.6962093114852905,0.8128648400306702,1.252758502960205,7.327304363250732
UDP,apod2359bd57e,A,apof9d3cdb3e6,A,1,[25],[25],UDP,UDP,5.510176068046353,3.472106456756592,1.1989495754241943,0.7063509821891785,0.9511316418647766,0.9885414242744446,3.5526199340820312
ACO,apo4d4153c641,A,apo4a65dbb781,A,1,[51],[51],ACO,ACO,7.064984887963922,2.902394294738769,1.4532201290130615,0.7128174901008606,0.8516227006912231,1.0316648483276367,4.140047550201416
CA,apo3c97569c3d,A,apoc96706ab80,A,1,[1],[1],CA,CA,12.424108928147541,2.453604221343994,1.4799615144729614,0.7396367788314819,0.843688428401947,1.0238513946533203,5.54051399230957
CO,apoa708248ee5,A,apo7a12359999,A,1,[1],[1],CO,CO,29.583305021147318,2.458012819290161,1.525686264038086,0.6681715846061707,0.9419994354248048,1.2516283988952637,7.473682403564453
CO,apo7f5816a39c,A,apo826f3f2afa,A,1,[1],[1],CO,CO,29.581766000198552,2.426390647888184,1.6326754093170166,0.6726360321044922,0.7063445448875427,1.1856083869934082,7.473584175109863
NAD,apof6b573ee02,A,apoa1dc0e4236,A,1,[44],[44],NAD,NAD,4.322639313341712,2.827227830886841,1.5440773963928225,0.6781626343727112,0.5327586531639099,1.402064085006714,3.0180466175079346
AEF,apo5782713f1a,A,apodefc2db112,A,2,[10],[10],AEF,AEF,18.43776391505251,2.481935501098633,1.495213270187378,0.6994571685791016,0.9270979762077332,1.4574434757232666,6.483549118041992
OXY,apo2c3a0c55e6,A,apo661b32cc25,A,2,[2],[1],OXY,OXY,28.772138219957238,2.385916233062744,1.5179758071899414,0.7695627212524414,0.6627934575080872,1.1004583835601809,7.420828342437744
SAM,apofd7fa63b48,A,apo218b3ecdc8,A,2,[27],[27],SAM,SAM,23.088597489109322,2.5905890464782715,1.575506329536438,0.7336655855178833,0.7240219116210938,1.2105728387832642,6.977810859680176
SAM,apo865b191f3d,A,apob0da859712,A,2,[27],[27],SAM,SAM,4.347619890749802,3.5744428634643555,1.1705427169799805,0.7635499835014343,0.9027503132820128,0.9736272096633912,3.030202865600586
TCE,apoe73fa7dd4d,A,apo31a67e5bf9,A,2,[16],[16],TCE,TCE,27.176598557645438,2.841594696044922,1.450121521949768,0.728486180305481,0.736352801322937,1.197787880897522,7.310135841369629
APC,apod5332d15e2,A,apod6b7a84689,A,2,[31],[31],APC,APC,11.301352268663209,2.7286839485168457,1.448084592819214,0.6995413899421692,0.8743140697479248,1.2825829982757568,5.30546236038208
AMP,apofff8bca9bc,A,apof76d61a07e,A,2,[23],[22],AMP,AMP,5.24688050496451,2.905579090118408,1.2167977094650269,0.7359998226165771,0.8562278747558594,0.8445631265640259,3.441281318664551
ADE,apo0dc9dba73c,A,apo67359c8433,A,2,[10],[10],ADE,ADE,3.886996975112127,2.479823112487793,1.4048131704330444,0.719774067401886,0.8431900143623352,1.2003542184829712,2.7990190982818604
APR,apo10ffc1123f,A,apof4a6fc1f1a,A,2,[36],[36],APR,APR,20.119619506332562,2.5937418937683105,1.5395864248275757,0.7075385451316833,0.6423777341842651,1.187213897705078,6.679904937744141
BEF,apo01f8b0c9d5,A,apo8023553e96,A,2,[4],[4],BEF,BEF,6.01956980527665,3.4064927101135254,1.1001874208450315,0.777556300163269,0.7281503677368164,0.8975825309753418,3.757635116577149
UDP,apob2e0f8db00,A,apob2e8d96712,A,2,[24],[25],UDP,UDP,28.125766277813245,2.913739919662476,1.503737449645996,0.761932373046875,0.5355785489082336,1.0918514728546145,7.377101898193359
ADP,apo206dd52b94,A,apoaae8bb1967,A,2,[27],[27],ADP,ADP,3.027783446347531,3.0579962730407715,1.5994231700897217,0.7091673016548157,0.7907615900039673,1.1881049871444702,2.324097156524658
APR,apod89ecce343,A,apof4a6fc1f1a,A,2,[36],[18],APR,APR,33.70176509409368,2.5978708267211914,1.350441813468933,0.7207745313644409,0.4954213201999664,1.056290626525879,7.71176290512085
ACO,apo4d4153c641,A,apo63599a476b,A,2,[51],[51],ACO,ACO,10.017092995708806,3.028721809387207,1.4605350494384766,0.7130273580551147,0.8489768505096436,1.148942470550537,5.004269599914551
INS,apo90fdb95fca,A,apo21a159c82c,A,2,[12],[12],INS,INS,10.977437735185097,2.580245018005371,1.474871277809143,0.730671763420105,0.774000883102417,1.066207766532898,5.232973575592041
ADP,apo206dd52b94,A,apo9bb44e5c1a,A,2,[27],[27],ADP,ADP,3.0883760521547403,3.978162527084351,1.3830498456954956,0.7445411086082458,0.9940503239631652,0.9766992926597596,2.359632730484009
APR,apo0ccbcef8ff,A,apof5de2d448c,A,2,[36],[36],APR,APR,3.4038956490637657,3.550173282623291,1.3220292329788208,0.7810224890708923,0.9878065586090088,0.955100953578949,2.539482355117798
SAM,apo7d270341fc,A,apob0da859712,A,2,[27],[26],SAM,SAM,4.216545476632595,3.4914705753326416,1.1482669115066528,0.7267360687255859,0.9665595293045044,0.9273725748062134,2.9659423828125
SAM,apo693998296e,A,apob0da859712,A,2,[27],[27],SAM,SAM,4.430337982255824,3.5015556812286377,1.1599853038787842,0.7327228784561157,0.959288477897644,0.992188572883606,3.070155382156372
GTP,apofe57346899,A,apo9fb2d1f03d,A,2,[32],[32],GTP,GTP,22.630589528378227,2.118385076522827,1.558810114860535,0.6650382280349731,0.8060937523841858,1.3997142314910889,6.935390949249268
ACO,apo4a65dbb781,A,apo707c2444cb,A,2,[48],[51],ACO,ACO,59.48288863531846,2.54712462425232,1.5204951763153076,0.6197649836540222,0.8437175750732422,1.0807011127471924,8.560796737670898
MG,apof332234357,A,apo10a488fa47,A,2,[1],[1],MG,MG,33.890165757604045,2.6881234645843506,1.4934626817703247,0.6992713212966919,0.5760984420776367,1.1394180059432983,7.721585273742676
ADP,apo079bdcf57e,A,apo0bdd215b0a,A,2,[27],[27],ADP,ADP,5.287319358732864,3.776408910751343,0.817901074886322,0.7533432841300964,0.9534262418746948,0.8011130690574646,3.4586308002471924
APR,apof5de2d448c,A,apof4a6fc1f1a,A,2,[36],[36],APR,APR,4.545329449681247,3.5050182342529297,1.0169647932052612,0.756065309047699,0.9787402749061584,0.9225648045539856,3.124940872192383
UDP,apob2e8d96712,A,apof9d3cdb3e6,A,2,[25],[24],UDP,UDP,29.851043529501414,3.00554633140564,1.0688111782073977,0.7421029806137085,0.81444251537323,1.0619847774505615,7.490655422210693
IMP,apobf3baf3064,A,apo3792abad1e,A,2,[23],[23],IMP,IMP,10.78581948868806,2.920478343963623,0.8117884397506714,0.7328102588653564,0.9788445234298706,0.8101781606674194,5.189027786254883
ANP,apo470c3179a7,A,apo642faee836,A,2,[31],[31],ANP,ANP,3.0626262372079474,2.925899028778076,1.6154824495315552,0.6873341202735901,0.8526855707168579,1.1275204420089722,2.344571590423584
GTP,apofe57346899,A,apo9fb2d1f03d,A,2,[32],[32],GTP,GTP,22.630559065511097,2.1183900833129883,1.558807611465454,0.6650388240814209,0.8060979843139648,1.399717092514038,6.935388088226318
ADP,apo4a7118351f,A,apo0bdd215b0a,A,2,[27],[27],ADP,ADP,2.4448943877713,4.031107425689697,0.7613385319709778,0.7874196767807007,0.9252738356590272,0.7512747049331665,1.964576244354248
AMP,apo5c44ba9907,A,apofff8bca9bc,A,2,[22],[23],AMP,AMP,8.337454662464893,2.648204803466797,1.4629237651824951,0.7554832696914673,0.7822650074958801,1.119178295135498,4.546680450439453
BEF,apo8023553e96,A,apod277ffbc14,A,2,[4],[4],BEF,BEF,10.661050525956556,3.309878349304199,0.8301935791969299,0.7663032412528992,0.8094754219055176,0.8599100112915039,5.159975051879883
NAD,apo4e1ed20f48,A,apo153f70d5d9,A,2,[44],[44],NAD,NAD,2.2830147033780555,3.9018054008483887,1.2009882926940918,0.7546786665916443,0.8824666142463684,0.9057841300964355,1.858676195144653
SAM,apo89ae69e16b,A,apob0da859712,A,2,[27],[27],SAM,SAM,5.414073631522223,3.3558177947998047,1.0494974851608276,0.7238579392433167,0.993815004825592,0.9577705264091492,3.5124223232269287
ACO,apo52a5d4138d,A,apo63599a476b,A,2,[51],[51],ACO,ACO,21.524278549200613,2.530353307723999,1.7834672927856443,0.6609764695167542,0.8986135721206665,1.3019630908966064,6.827841758728027
CO,apo7f5816a39c,A,apo7a12359999,A,2,[1],[1],CO,CO,28.37612500962993,2.144590377807617,1.6740334033966064,0.6981585025787354,0.821012556552887,1.2074426412582395,7.3942131996154785
ADP,apoaae8bb1967,A,apo0b0f172b8c,A,2,[27],[27],ADP,ADP,2.3309495764365633,2.946998119354248,1.6460731029510498,0.703112781047821,0.7992941737174988,1.2367395162582395,1.8903244733810425
GTP,apofe57346899,A,apo141a89905f,A,2,[32],[32],GTP,GTP,9.727596408464285,1.6164779663085938,1.5623244047164917,0.6766973733901978,0.5868760943412781,1.5564621686935425,4.9309587478637695
AMP,apo43b8eb62f6,A,apo31667e1c97,A,2,[23],[23],AMP,AMP,15.233522512879352,2.764010190963745,1.715479612350464,0.7323114275932312,0.924138605594635,1.320014715194702,6.037017822265625
FE2,apoea8e7659af,A,apo80526afb52,A,2,[1],[1],FE2,FE2,2.6244915202915715,2.2255101203918457,1.5676947832107544,0.6869974136352539,0.6738823056221008,1.2069741487503052,2.0788888931274414
SAM,apofd7fa63b48,A,apoa049c7a917,A,2,[27],[27],SAM,SAM,23.217342409231133,2.6644418239593506,1.5162962675094604,0.7377101182937622,0.946860134601593,1.2269829511642456,6.989524364471436
ADP,apoe3fc838d6b,A,apoaae8bb1967,A,2,[27],[27],ADP,ADP,4.04716565053138,2.991201877593994,1.494710922241211,0.7263908982276917,0.8978284597396851,1.1225467920303345,2.881126165390014
GDP,apo84a68ef5a8,A,apo3792abad1e,A,2,[28],[28],GDP,GDP,4.427722059107063,2.833981990814209,1.4443156719207764,0.7460688352584839,0.7980092167854309,1.160404920578003,3.068898916244507
UDP,apo5ced6e3fa7,A,apob2e8d96712,A,2,[24],[25],UDP,UDP,28.31381729598229,3.1271448135375977,1.332295298576355,0.7207795977592468,0.7275366187095642,1.101881504058838,7.389975547790527
CU,apo82ac663794,A,apo27cbc40f27,A,2,[1],[1],CU,CU,1.1473456270643039,2.509554862976074,1.5893036127090454,0.7019508481025696,0.649774432182312,1.034921169281006,1.0292545557022097
GDP,apo74272096bc,A,apo3792abad1e,A,2,[28],[28],GDP,GDP,4.94609302203099,2.7364063262939453,1.5787867307662964,0.7141266465187073,0.6997707486152649,1.1842310428619385,3.309288263320923
AMP,apo6031cfefc9,A,apo43b8eb62f6,A,2,[23],[22],AMP,AMP,13.803719921463632,2.9102354049682617,1.46055269241333,0.7650567889213562,0.6717386841773987,1.1050066947937012,5.798975944519043
COA,apo8a016eb0da,A,apo5f5f6032c2,A,2,[48],[48],COA,COA,18.97249056251878,1.8296003341674805,1.7493573427200315,0.6505362391471863,0.6930354833602905,1.36527419090271,6.548449993133545
COA,apo034597ae6f,A,apofe063bf0b9,A,2,[27],[48],COA,COA,14.382775079563821,2.65316104888916,1.529289960861206,0.7047356367111206,0.8206492066383362,1.2481547594070437,5.898744106292725
UDP,apob2e8d96712,A,apod2359bd57e,A,2,[25],[24],UDP,UDP,24.833437809462783,3.183038711547852,1.4754263162612915,0.762968897819519,0.8939446210861206,1.0450557470321655,7.129195213317871
G6P,apo9cef52fd55,A,apo7ee30bef80,A,3,[16],[16],G6P,G6P,30.189476677803412,3.255618095397949,1.1755956411361694,0.7857483625411987,0.9294412732124328,0.8747283816337585,7.511786460876465
FE2,apo42db5ab941,A,apoc49b4bd58c,A,3,[1],[1],FE2,FE2,32.121297330301836,3.157440185546875,0.8338088393211365,0.80192631483078,0.8906859755516052,0.8491340279579163,7.625904083251953
G4P,apofc4cf5dde7,A,apo69859213e6,A,3,[36],[36],G4P,G4P,55.52105300978214,2.8032093048095703,1.508537769317627,0.7447391152381897,0.655737578868866,1.0620510578155518,8.473773002624512
CU,apo1b68d02ea9,A,apo561904df3e,A,3,[1],[1],CU,CU,3.050089139587594,2.2415318489074707,1.4064937829971311,0.7426892518997192,0.4160852432250976,0.9760606288909912,2.337217092514038
APC,apo002721cb9d,A,apod6b7a84689,A,3,[31],[31],APC,APC,6.864449727237096,2.7346019744873047,1.6487987041473389,0.7018685936927795,0.8109131455421448,1.1914499998092651,4.070366859436035
XMP,apo88004a8edf,A,apo8b15831cd4,A,3,[24],[24],XMP,XMP,11.73720883372624,2.687692642211914,1.6617486476898191,0.7261061072349548,0.5685075521469116,1.1341880559921265,5.399593353271484
APR,apo0ccbcef8ff,A,apof4a6fc1f1a,A,3,[36],[36],APR,APR,2.69395311652398,3.8785691261291504,0.7869030833244324,0.812598466873169,0.7879495620727539,0.7856929302215576,2.122233390808105
G6P,apof49b725b8f,A,apo9cef52fd55,A,3,[16],[16],G6P,G6P,29.584388384362416,3.233696937561035,1.2103853225708008,0.7707450985908508,0.946806013584137,0.9019473195075988,7.473751544952393
ADP,apocfd5ffd601,A,apo1b53e3ba2c,A,3,[27],[27],ADP,ADP,4.190987920940882,3.0483639240264893,1.4909253120422363,0.7335309982299805,0.7334627509117126,1.1540051698684692,2.9532742500305176
NAD,apob53e931f19,A,apob46e214dc0,A,3,[44],[44],NAD,NAD,4.661927928249153,3.330855369567871,1.380831956863403,0.7111058831214905,0.759069561958313,1.0577964782714844,3.179614543914795
GDP,apo84a68ef5a8,A,apoc42d5dc4b8,A,3,[28],[28],GDP,GDP,3.8088819376124774,3.0045530796051025,1.412856936454773,0.6860910654067993,0.8493604063987732,1.2535163164138794,2.758284091949463
NAD,apo027b404733,A,apo629ce742cb,A,3,[44],[44],NAD,NAD,45.61256365678744,4.236701011657715,0.9527289867401124,0.7575109601020813,0.9964138865470886,0.7745392918586731,8.201845169067383
CA,apo77caab6a59,A,apo98735045ef,A,3,[1],[1],CA,CA,15.670600418386995,2.694617748260498,1.4793890714645386,0.7543637752532959,0.7509424686431885,1.1448745727539062,6.104493141174316
CU,apo1b68d02ea9,A,apo561904df3e,A,3,[1],[1],CU,CU,3.050083455053204,2.241533041000366,1.4064964056015017,0.742688000202179,0.4160836935043335,0.9760612845420836,2.3372137546539307
AMP,apo31667e1c97,A,apoacde4420e4,A,3,[23],[23],AMP,AMP,7.335051007397653,2.866607666015625,1.4925501346588137,0.7254214882850647,0.9009248614311218,1.119398832321167,4.2313408851623535
E64,apo3ae6e9b708,A,apoa7e1da284c,A,4,[25],[25],E64,E64,2.1434419880784303,5.084122657775879,0.417291909456253,0.9110345840454102,0.9990321397781372,0.7662718296051025,1.765102505683899
E64,apo2eab38a814,A,apoa7e1da284c,A,4,[25],[25],E64,E64,2.9713149368431826,5.013198852539063,0.4187561571598053,0.9086095094680786,0.977375864982605,0.7309922575950623,2.2906813621521
1N1,apo2ef231ad36,A,apob9e7c54442,A,4,[33],[33],1N1,1N1,1.7809382365317634,4.416950702667236,0.6088405251502991,0.7823273539543152,0.999822199344635,0.7426161766052246,1.5117117166519165
L3A,apoaa2d77cccf,A,apof9e4ef0a2c,A,4,[15],[15],L3A,L3A,0.947660832065541,5.02505350112915,0.4731432795524597,0.8904862403869629,0.9946969151496888,0.7235339283943176,0.8656286001205444
N32,apo30723f937f,A,apo54edd4adf1,A,4,[31],[31],N32,N32,0.6741016550383315,5.097719669342041,0.410142183303833,0.9155527949333192,0.9999101161956788,0.7694981694221497,0.6315301060676575
CTP,apo9b8c5442fb,A,apoab1dde69c6,A,4,[29],[29],CTP,CTP,2.6644833037351936,4.566409111022949,0.5203776955604553,0.8265771865844727,0.9943535923957824,0.7197401523590088,2.103902101516724
SAM,apo89ae69e16b,A,apoa049c7a917,A,4,[27],[27],SAM,SAM,2.5086956571012,4.462699890136719,0.694225013256073,0.8169659972190857,0.9985686540603638,0.7225580215454102,2.005561351776123
0LI,apo79f1b4f0ae,A,apodea31b255f,A,4,[39],[39],0LI,0LI,1.4069741112003091,4.800344467163086,0.4881389737129211,0.8719533681869507,0.993898630142212,0.7252253293991089,1.2334332466125488
CPR,apoef50d79b8c,A,apo318c479944,A,4,[22],[22],CPR,CPR,1.0942879337004314,5.039812088012695,0.6065554022789001,0.8745966553688049,0.9992333650588988,0.8231019377708435,0.986352562904358
APR,apo10ffc1123f,A,apod89ecce343,A,4,[18],[36],APR,APR,28.679196563868985,4.56141471862793,0.6609275341033936,0.8625701665878296,0.998579442501068,0.7123407125473022,7.414630889892578
AR6,apo6dd2c61d59,A,apo85fe52a995,A,4,[36],[36],AR6,AR6,1.5310933988807676,4.33111572265625,0.7380127310752869,0.8586259484291077,0.91378515958786,0.8710745573043823,1.3277955055236816
PBZ,apo9c273fbc25,A,apo8b7db8a7e6,A,4,[10],[10],PBZ,PBZ,2.2218471041770806,4.795032978057861,0.4007231593132019,0.8835353851318359,0.9989924430847168,0.6641747355461121,1.8179306983947756
CTP,apo1182c7949c,A,apoab1dde69c6,A,4,[29],[29],CTP,CTP,1.5208404011477925,4.585310459136963,0.6738168001174927,0.8469645380973816,0.980458915233612,0.8060967326164246,1.320077657699585
NAD,apo2d811e6df0,A,apoa1dc0e4236,A,4,[44],[44],NAD,NAD,2.7056313735221837,4.361230373382568,0.9076547026634216,0.7938887476921082,0.8210006952285767,0.7864516377449036,2.12947416305542
NAP,apo07931d71fc,A,apo609c4e958d,A,4,[48],[48],NAP,NAP,3.33738280433541,4.610630989074707,0.6772375106811523,0.8258533477783203,0.908827006816864,0.7245666980743408,2.502277135848999
1N1,apo2ef231ad36,A,apo31b74076ce,A,4,[33],[33],1N1,1N1,1.2891608964973502,5.094459533691406,0.3908527791500091,0.8885722756385803,1.0,0.7817590236663818,1.141945719718933
SAM,apoe4100df4a7,A,apo7d270341fc,A,4,[26],[17],SAM,SAM,0.8632859371578557,4.376038074493408,0.6319206953048706,0.8118771314620972,0.986898958683014,0.7361662983894348,0.7946821451187134
AR6,apo6dd2c61d59,A,apoe68095a123,A,4,[36],[36],AR6,AR6,1.4854557952356833,4.185314655303955,0.7462592720985413,0.8448596596717834,0.9030104279518129,0.8593851327896118,1.2933363914489746
NDP,apo362fa2b55d,A,apocbfde54817,A,4,[48],[48],NDP,NDP,2.0451155384311988,4.020650863647461,0.8613241910934448,0.729001522064209,0.989145815372467,0.8679946660995483,1.6978795528411863
NAI,apoad92680901,A,apo131ef01eab,A,4,[44],[44],NAI,NAI,2.966611540406199,4.541945457458496,0.6846067309379578,0.810875415802002,0.97857266664505,0.7440098524093628,2.2878849506378174
NAP,apo98e01292e0,A,apo1260edba4f,A,4,[48],[48],NAP,NAP,3.497454430728355,4.736536979675293,0.6054707169532776,0.8425320982933044,0.9930687546730042,0.6980083584785461,2.591195583343506
CTP,apo1182c7949c,A,apo9b8c5442fb,A,4,[29],[29],CTP,CTP,3.2775719949008195,4.368053436279297,0.5769163370132446,0.7859100699424744,0.9953370094299316,0.756116509437561,2.4685025215148926
F6P,apo72a4b9d979,A,apo442de7048d,A,4,[16],[16],F6P,F6P,4.411707698286894,4.95905876159668,0.5335476994514465,0.8898879885673523,0.9675686955451964,0.7407183051109314,3.06119704246521
AR6,apo85fe52a995,A,apof09f83ff21,A,4,[36],[36],AR6,AR6,1.4074098430842825,4.272346019744873,0.7010985612869263,0.8540589809417725,0.9713274240493774,0.8468212485313416,1.233768105506897
DUP,apo006be77c2f,A,apo9106e29267,A,4,[28],[28],DUP,DUP,25.70361845353418,4.558319091796875,0.6138910055160522,0.8877899646759033,0.9967796206474304,0.7735894918441772,7.199163436889648
NAI,apob2ac301348,A,apo7dcb3916e0,A,4,[44],[44],NAI,NAI,2.7505515338631654,4.538442611694336,0.7733035683631897,0.8216556310653687,0.9526676535606384,0.7848075032234192,2.1572020053863525
SAH,apoc9c8b989fc,A,apo6d0abdee21,A,4,[26],[26],SAH,SAH,4.507746069892936,4.503932476043701,0.8207672834396362,0.7983400225639343,0.9390618801116944,0.7260687947273254,3.107130527496338
ATP,apo555414d6d7,A,apo5ba3e55577,A,4,[31],[31],ATP,ATP,2.8644664134629982,4.040323734283447,0.8805135488510132,0.7535281181335449,0.9366257190704346,0.8471049666404724,2.2266499996185303
AR6,apo85fe52a995,A,apoe68095a123,A,4,[36],[36],AR6,AR6,0.9596105434263734,5.133363246917725,0.3392123281955719,0.9065105319023132,1.0,0.7314978241920471,0.8755881786346436
ZN,apo2b79158eb9,A,apo47c1929c94,A,4,[1],[1],ZN,ZN,44.507242933935366,2.2201919555664062,1.4435032606124878,0.6839818358421326,0.9177658557891846,1.1171947717666626,8.16538143157959
ADP,apo079bdcf57e,A,apob776397807,A,4,[27],[27],ADP,ADP,1.8480633577429815,4.639723300933838,0.7168177366256714,0.8333030939102173,0.9862004518508912,0.779464840888977,1.5598020553588867
SAM,apo7d270341fc,A,apoa049c7a917,A,4,[27],[26],SAM,SAM,1.2359779619882054,4.539578914642334,0.7977733612060547,0.8198765516281128,0.9960340857505798,0.7790805101394653,1.1000181436538696
AR6,apof09f83ff21,A,apoe68095a123,A,4,[36],[36],AR6,AR6,1.1880951930661456,4.269002914428711,0.752601683139801,0.8485797643661499,0.969907283782959,0.859184980392456,1.0619280338287354
NAP,apodfb84bd676,A,apo609c4e958d,A,4,[48],[48],NAP,NAP,2.1149223622340134,4.6838059425354,0.675258457660675,0.8324180841445923,0.8629796504974365,0.7680948972702026,1.7457168102264404
GTP,apo3a68bb90dc,A,apoc031984eba,A,4,[32],[32],GTP,GTP,3.4454527161965225,3.793074369430542,0.620675802230835,0.6820709705352783,0.9545931816101074,0.8027778267860413,2.562541246414185
MG,apo7b8e856a60,A,apob754340d0d,A,4,[1],[1],MG,MG,2.6103536427691028,4.205594062805176,0.7609346508979797,0.8004434704780579,0.9718018174171448,0.8134071230888367,2.0700082778930664
NAI,apob2ac301348,A,apo131ef01eab,A,4,[44],[44],NAI,NAI,2.7834491628803955,4.549574851989746,0.6974998712539673,0.8119999766349792,0.978204309940338,0.7379481196403503,2.177385091781616
SAM,apo89ae69e16b,A,apo7d270341fc,A,4,[26],[27],SAM,SAM,1.9366404423966364,4.5272369384765625,0.6026172637939453,0.8247300386428833,0.9842965006828308,0.7401707172393799,1.6224334239959717
NAP,apodfb84bd676,A,apo9e87a48572,A,4,[48],[48],NAP,NAP,5.328918335204235,4.545466423034668,0.672071635723114,0.8205816149711609,0.9916325807571412,0.7386548519134521,3.4763824939727783
NDP,apocc56e816c8,A,apo362fa2b55d,A,4,[48],[48],NDP,NDP,3.017701673780053,4.517683982849121,0.7147553563117981,0.8179322481155396,0.8802404403686523,0.7166789174079895,2.31815242767334
SAM,apo89ae69e16b,A,apof296d86dde,A,4,[27],[27],SAM,SAM,41.8650784621944,4.237335205078125,0.6894716620445251,0.7610628604888916,0.9844999313354492,0.8379080295562744,8.071920394897461
NDP,apocbfde54817,A,apoa45cd51704,A,4,[48],[48],NDP,NDP,4.2982051939630495,4.118369102478027,0.789757251739502,0.7396013140678406,0.9678630828857422,0.919122576713562,3.006115198135376
GNP,apo802414577e,A,apo10682e65ac,A,4,[32],[32],GNP,GNP,1.287982525940899,4.506987571716309,0.6244547367095947,0.8117437958717346,0.995408535003662,0.7495819330215454,1.1410210132598877
GNP,apob33d1dca91,A,apo4a6feb34ed,A,4,[32],[32],GNP,GNP,3.5720617774630536,4.923323631286621,0.4152860641479492,0.8517194986343384,0.9996126294136048,0.6640715003013611,2.631922721862793
FE,apo8720488000,A,apoa97fe99429,A,4,[1],[1],FE,FE,0.241216832080506,4.398580551147461,0.5269549489021301,0.8681800961494446,0.998392939567566,0.8219538331031799,0.2355353236198425
SAM,apo865b191f3d,A,apof296d86dde,A,4,[27],[27],SAM,SAM,41.304462699931015,4.618594646453857,0.5436624884605408,0.8296870589256287,0.9937349557876588,0.7886303067207336,8.050851821899414
ADP,apoee517947cd,A,apo0b0f172b8c,A,4,[27],[27],ADP,ADP,5.494521269879408,3.7100868225097656,0.9961454272270204,0.7068145275115967,0.9827828407287598,1.0052746534347534,3.5461058616638184
BEF,apo01f8b0c9d5,A,apod277ffbc14,A,4,[4],[4],BEF,BEF,5.044694821258916,4.6939473152160645,0.7710521817207336,0.8245390057563782,0.988150715827942,0.7471845149993896,3.3531386852264404
ANP,apo2ed66decb4,A,apo5ae68c8b06,A,4,[31],[31],ANP,ANP,1.5295983871387389,4.207968711853027,0.6890186071395874,0.8193440437316895,0.9664812684059144,0.8481162190437317,1.3266710042953491
UDP,apob2e0f8db00,A,apof9d3cdb3e6,A,4,[25],[25],UDP,UDP,2.5806094968498865,4.118410587310791,0.8757758140563965,0.8006780743598938,0.9700973629951476,0.8903104066848755,2.0512595176696777
AKG,apoe86394f4a0,A,apo754fdde920,A,4,[10],[10],AKG,AKG,2.5228456698308297,4.190060615539551,0.7383179068565369,0.8518604636192322,0.9822003841400146,0.7813885807991028,2.014594554901123
ATP,apo9d918a6814,A,apo140b30aef4,A,4,[31],[31],ATP,ATP,15.829256724326479,3.822950601577759,0.8660691976547241,0.7934931516647339,0.9824020266532898,0.758995532989502,6.128421306610107
SAM,apo7d270341fc,A,apo693998296e,A,4,[27],[26],SAM,SAM,1.0219341088526572,4.569261074066162,0.5346607565879822,0.8140730261802673,0.8971388339996338,0.7095755338668823,0.9271821975708008
SAM,apo89ae69e16b,A,apo0c4f651c46,A,4,[27],[27],SAM,SAM,22.477971712606426,0.8391873836517334,1.7126210927963257,0.5698440670967102,0.8316422700881958,2.0565671920776367,6.920989990234375
SAM,apoe4100df4a7,A,apof296d86dde,A,4,[27],[17],SAM,SAM,41.04922034479216,4.212928771972656,0.6687313914299011,0.7683406472206116,0.9875504970550536,0.8120125532150269,8.041106224060059
ADP,apo59a84e4b85,A,apo19a4c9adc3,A,4,[27],[27],ADP,ADP,6.44799684271545,4.185863494873047,0.8773603439331055,0.825632631778717,0.9276810884475708,0.7288933992385864,3.9202322959899902
ATP,apoa217000f69,A,apo1f5288135c,A,4,[31],[31],ATP,ATP,18.937218651824804,2.25393009185791,1.5902281999588013,0.6504773497581482,0.814574122428894,1.302031636238098,6.544242858886719
ANP,apo3c9b6396a1,A,apoc5f443f46e,A,4,[31],[27],ANP,ANP,1.8718965194371375,4.616609573364258,0.5385975241661072,0.85944002866745,0.9121562242507936,0.8019018769264221,1.5767459869384766
UDP,apo5ced6e3fa7,A,apod2359bd57e,A,4,[25],[25],UDP,UDP,3.806568718235302,4.209021091461182,0.7104852199554443,0.8045422434806824,0.9951779842376708,0.8659502863883972,2.757070779800415
CU,apo16ec605a9d,A,apocf2e397038,A,4,[1],[1],CU,CU,0.33128329451336547,4.426976203918457,0.6077563762664795,0.8553929328918457,0.9810909628868104,0.7119578123092651,0.3206603527069092
