query_idx,chain_id,src_protein,src_chain,src_ligand,src_motif,src_ligand_n_atoms,cluster_id,cluster_size,n_entries,n_clusters
0,1txcA,1txc,A,2AN,"[36,59,138,141]",[21],2flhA,20,5,4
1,1gxuA,1gxu,A,2HP,"[18,19,20,21,22,23]",[5],4hi1A,40,6,6
2,4paiA,4pai,A,3HB,"[39,150,170,172,211,214,235]",[10],5cm6A,63,8,7
3,7ytfA,7ytf,A,45D,"[44,107,110,125,155,202,249,251,276,278,285,289,304]",[42],8pzkA,10,12,3
4,9axnA,9axn,A,7V7,"[35,93,94,95]",[25],8dv4D,60,7,3
5,8wb4K,8wb4,K,8CT,"[27,30,31,33,34,37]",[40],8iwhk,5,6,5
6,8k5o3,8k5o,3,A1LZM,"[21,24,25,28,29,32,38]",[66],8ygl1,12,5,3
7,5zcgC,5zcg,C,A8S,"[76,107,130,178,182]",[19],2flhA,20,10,3
8,8hp7A,8hp7,A,ABU,"[12,13,14,20,121,122,184]",[7],4uasA,55,10,7
9,1uayA,1uay,A,ADN,"[9,12,33,34,47,48,74,75]",[19],4pvdA,378,32,21
10,7uraH,7ura,H,AJP,"[73,74]",[85],2movA,218,7,6
11,7bsvA,7bsv,A,ALF,"[409,411,674,675,795]",[5],3ar4A,20,8,4
12,3iedA,3ied,A,AN2,"[133,137,207,215,221,247,248]",[27],4hz5A,33,9,8
13,9gfzA,9gfz,A,ANP,"[331,333,349,391,392,393,443,448,459]",[31],3eb0A,320,267,97
14,8rkpA,8rkp,A,ASC,"[23,117,121,124]",[12],6r6mA,37,6,5
15,4o2dA,4o2d,A,ASP,"[171,193,195,231,449,450,486,490,532,533]",[9],4up7A,28,40,19
16,9cmiA,9cmi,A,AV0,"[23,27,47,60]",[69],5vjtA,18,7,7
17,3a74A,3a74,A,B4P,"[253,255,260,261,262,265,267,366,370,411,414,467,470]",[53],4up7A,28,7,6
18,7puyA,7puy,A,BDP,"[256,257,258]",[13],7uovA,2,24,17
19,8upmA,8upm,A,BLA,"[13,188,192,193,194,201,207,245,248,252,455]",[43],9irkC,21,23,9
20,8rheA,8rhe,A,BLG,"[144,153,154,162,163,164,167,195,214,215,216,217,245]",[35],8rheA,2,5,3
21,6td5h,6td5,h,BO2,"[55,74,75,76,87,99,100,101,103]",[28],8yvpM,40,8,4
22,1gqbA,1gqb,A,BR,"[40,62]",[1],1gqbA,2,7,6
23,8f3dA,8f3d,A,BTI,"[560,630]",[15],8f3dA,5,12,5
24,7cpzA,7cpz,A,BTN,"[60,76,78,82,111,118,120,124,140,144,160]",[16],3ew2D,16,29,10
25,4mlyA,4mly,A,BU2,"[26,39]",[6],4mlyA,3,5,5
26,5y6gA,5y6g,A,C2E,"[113,114,118,192,208,210]",[46],5xlyB,3,46,17
27,8cscA,8csc,A,C5P,"[163,227,263,265,266,285,300,301,302]",[21],6mgbA,3,18,12
28,8dtbA,8dtb,A,CFF,"[4242,4716]",[14],8drpA,3,5,3
29,7s3dL,7s3d,L,CLA,"[13,27,29]",[65],6ly5l,39,488,65
30,3lsjA,3lsj,A,COA,"[88,145,198,199,202]",[48],2np5A,56,225,63
31,8ageF,8age,F,CPL,"[248,252,253,254]",[52],6s7oF,2,11,8
32,7degB,7deg,B,CUA,"[96,131,135,139,142]",[2],2aanA,44,9,3
33,1kn1A,1kn1,A,CYC,"[72,80,83,84,86,87,91,118,124,128]",[43],8j98A,32,13,4
34,6u83A,6u83,A,DAL,"[285,286,319,320,332,335,339,379]",[6],6topA,3,11,8
35,6qx6A,6qx6,A,DBV,"[80,82,99,147,148,155,214,215,220,221,224,225]",[43],2vckA,6,8,3
36,7nqeA,7nqe,A,DGT,"[138,177,179,220,222,223,226,262,275,277,283]",[31],2atzA,2,17,11
37,4gp1A,4gp1,A,DMA,"[45,46,48,78,95,221]",[14],2q58A,47,7,3
38,4q2dA,4q2d,A,DTP,"[300,304,307,329,330,332,333,334,335,369,671,696]",[30],8k22A,4,17,15
39,2v2kA,2v2k,A,F3S,"[2,20,24,25,34,39,41,42,43,44,45]",[7],2v2kA,2,16,11
40,3i99A,3i99,A,FAD,"[59,60,61,62,63,64,65,66,124,125,126,130,133,136,137,173,186,187,227,239,240,241,339]",[53],1hskA,10,710,57
41,3sf6A,3sf6,A,FDA,"[144,146,147,152,153,177,178,179,373,376,377,380,382,383]",[53],3mkhA,69,28,9
42,8r5oI,8r5o,I,FE,"[74,127,211,215]",[1],1xreA,67,398,116
43,1uwcA,1uwc,A,FER,"[68,77,80,100,133,134,199,247]",[14],1uwcA,3,9,5
44,3uf8A,3uf8,A,FK5,"[33,44,53,61,62,63,66,89,106]",[57],8bk4A,4,12,3
45,7uwtA,7uwt,A,FMN,"[10,11,12,14,71,163,164,165,166,205,207]",[31],4g8sA,72,363,47
46,7jh4A,7jh4,A,FNR,"[15,16,17,19,71,164,165,166,167,207,209]",[31],4g8sA,72,11,6
47,4zh7A,4zh7,A,FUC,"[189,190,191,194,231,246]",[11],5f7nA,2,142,81
48,8xivA,8xiv,A,FUD,"[40,100,101,184,190,220,243,249,278]",[12],1sgjA,307,5,3
49,2okgB,2okg,B,G3H,"[150,151,152,241,247,250,269,310]",[10],2ri1A,11,6,5
50,8pizB,8piz,B,G3P,"[105,106,107]",[10],2movA,218,10,7
51,7ncuA,7ncu,A,GDS,"[24,27,63,64,82,83]",[40],4bvxA,92,17,6
52,7d54A,7d54,A,GLN,"[64,99,142,188]",[10],7ac8B,16,22,13
53,4io2A,4io2,A,GLU,"[67,86,87,92,136,139,180]",[10],4powA,92,61,36
54,7vnxA,7vnx,A,GMP,"[95,97,98,100,137,148,149]",[20],7szcA,8,9,7
55,9hfo7,9hfo,7,GTP,"[190,191,192,193,194,195,214,237,288,289,324,325,326]",[32],8qrn7,7,91,49
56,4pf8A,4pf8,A,GTR,"[32,33,71,89,147,168,170,191,208,212,235]",[13],5cm6A,63,7,4
57,5e4bA,5e4b,A,HBX,"[71,101,117,160]",[8],8ayaA,20,6,5
58,5e9oB,5e9o,B,I3C,"[459,503,520,521,522,526]",[16],5e9oB,2,10,9
59,8qbdA,8qbd,A,I3P,"[63,126,130]",[24],2d4cA,3,14,11
60,7qejA,7qej,A,IAC,"[52,53,143,145,148,166,168,184,185]",[13],4kd5C,74,10,7
61,3mzfA,3mzf,A,IM2,"[44,85,86,112,214,215,216]",[20],1xkzA,54,5,3
62,4oueA,4oue,A,IPT,"[188,189,190,219,230,234,254,277]",[15],6tr4A,11,7,7
63,1bbuA,1bbu,A,LYS,"[216,240,278,280,426,428,473,475]",[10],4up7A,28,34,13
64,4lmsC,4lms,C,M1V,"[63,66]",[43],7t89A,18,8,3
65,4rzcB,4rzc,B,M6P,"[32,95C]",[16],2movA,218,5,3
66,1lobB,1lob,B,MMA,"[29,30,31]",[13],1ofsB,4,11,7
67,2cevA,2cev,A,MN,"[99,122,126,226]",[1],4g3hA,61,597,236
68,8ovdL,8ovd,L,MQ9,"[134,135,138]",[58],3wfdB,16,6,6
69,8ryeA,8rye,A,MTA,"[14,18,24,28,64,66,85,86,113,114,136]",[20],1rjdA,10,18,11
70,6be3L,6be3,L,NAG,"[96,97,100]",[15],6ch7R,86,12,9
71,5xv0A,5xv0,A,NAP,"[11,18,19,23,50,51,52,53,57,86,88,135,136,138,156,158,159,160,161,189]",[48],1kmvA,44,376,48
72,4oi6B,4oi6,B,NI,"[43,46]",[1],9gabA,8,28,22
73,1gs5A,1gs5,A,NLG,"[43,66,80,158,160,161]",[13],4ndoA,37,7,3
74,9iw1A,9iw1,A,NMN,"[63,64,65,104,106,147,150,197,198]",[22],9iw1A,3,5,4
75,3ujcA,3ujc,A,PC,"[19,27,36,128,160,175,179,181,247]",[11],4qpnA,270,9,8
76,8wchA,8wch,A,PCA,"[114,115,116,137,138,139,192,244,269,291,327]",[9],6e7rB,43,5,3
77,5e16A,5e16,A,PCG,"[113,121,122,123,124,125,132,133]",[23],5h5oA,16,14,6
78,1f99A,1f99,A,PEB,"[25,28]",[43],8j98A,32,19,4
79,8xhaA,8xha,A,PGU,"[57,116,117,118,148,219,221,222,380,382]",[25],5wgbA,74,5,3
80,7v2kj,7v2k,j,PLX,"[83,86,93]",[52],7v2kj,2,18,10
81,4mh1B,4mh1,B,PQQ,"[57,103,108,152,167,218,283,325,387,462,526]",[24],6damA,15,9,3
82,4xotA,4xot,A,RAM,"[212,247]",[11],4xotA,4,9,8
83,2yg2A,2yg2,A,S1P,"[47,71,98,102,111,116,123,134,136,147]",[25],2kt4B,49,5,5
84,2nxeA,2nxe,A,SAM,"[99,107,128,134,149,150,175,191,192]",[27],4qpnA,270,176,44
85,3mm5B,3mm5,B,SRM,"[60,134,135,139,140,141,142,180,182,183,249]",[63],2xsjB,8,8,3
86,7ys6A,7ys6,A,SRO,"[106,110,288]",[13],8ggcR,173,9,7
87,7vb8A,7vb8,A,STL,"[143,144,189,193,279,282,329,333]",[17],4a6dA,46,8,8
88,6rfr5,6rfr,5,T7X,"[629,632,633]",[61],7zmg4,27,5,4
89,6ay7A,6ay7,A,TFA,"[9,11]",[7],3odvA,2,7,6
90,5hudE,5hud,E,TSA,"[35,39,42,46,54,55,58,59,82]",[16],2w1aC,2,5,4
91,2ggqA,2ggq,A,TTP,"[6,8,9,10,11,12,13,23,73,79,83,179,181,344]",[29],2x65A,20,16,10
92,5ijxA,5ijx,A,TYR,"[116,118,158,266,269,287]",[13],5ijxA,39,22,12
93,6h21A,6h21,A,UD1,"[9,10,11,41,70,71,72,92,93,94,181]",[39],6yv8A,8,23,12
94,6qyaA,6qya,A,UMP,"[22,197,217,218,219,220,228,258,260]",[20],1f28A,21,32,9
95,6klkA,6klk,A,URF,"[155,288,289,316,318,337]",[9],4r85A,84,5,3
96,7qi4e,7qi4,e,VAL,"[166,217,218,221]",[8],7qi4e,2,8,6
97,3rlbA,3rlb,A,VIB,"[34,84,85,125,133,146]",[18],4dveA,8,9,6
98,1ohdA,1ohd,A,WO4,"[314,315,316,318,319,320]",[5],6g85A,2,22,14
99,8z82L,8z82,L,Z41,"[171,254]",[40],8ydmL,56,5,4
