experiment,cath_degree,ligand_rmsd_threshold,success_rate,n
APoc,0,1,0.0,487
APoc,1,1,0.00142,706
APoc,2,1,0.0,429
APoc,3,1,0.0,111
APoc,4,1,0.01207,580
APoc,0,2,0.00411,487
APoc,1,2,0.00142,706
APoc,2,2,0.0,429
APoc,3,2,0.00901,111
APoc,4,2,0.04655,580
APoc,0,4,0.00821,487
APoc,1,4,0.00708,706
APoc,2,4,0.00233,429
APoc,3,4,0.03604,111
APoc,4,4,0.07069,580
Dali,0,1,0.00205,487
Dali,1,1,0.00142,706
Dali,2,1,0.0,429
Dali,3,1,0.0,111
Dali,4,1,0.06379,580
Dali,0,2,0.01643,487
Dali,1,2,0.00283,706
Dali,2,2,0.00932,429
Dali,3,2,0.00901,111
Dali,4,2,0.36379,580
Dali,0,4,0.02669,487
Dali,1,4,0.00708,706
Dali,2,4,0.03497,429
Dali,3,4,0.04505,111
Dali,4,4,0.71897,580
PLASMA,0,1,0.0,487
PLASMA,1,1,0.0,706
PLASMA,2,1,0.0,429
PLASMA,3,1,0.0,111
PLASMA,4,1,0.01552,580
PLASMA,0,2,0.0,487
PLASMA,1,2,0.0,706
PLASMA,2,2,0.0,429
PLASMA,3,2,0.0,111
PLASMA,4,2,0.07931,580
PLASMA,0,4,0.00411,487
PLASMA,1,4,0.00283,706
PLASMA,2,4,0.00233,429
PLASMA,3,4,0.00901,111
PLASMA,4,4,0.19655,580
SoftAlign,0,1,0.0,487
SoftAlign,1,1,0.0,706
SoftAlign,2,1,0.0,429
SoftAlign,3,1,0.0,111
SoftAlign,4,1,0.03621,580
SoftAlign,0,2,0.0,487
SoftAlign,1,2,0.0,706
SoftAlign,2,2,0.0,429
SoftAlign,3,2,0.00901,111
SoftAlign,4,2,0.12931,580
SoftAlign,0,4,0.00411,487
SoftAlign,1,4,0.00142,706
SoftAlign,2,4,0.00466,429
SoftAlign,3,4,0.01802,111
SoftAlign,4,4,0.30172,580
TMalign,0,1,0.00205,487
TMalign,1,1,0.00142,706
TMalign,2,1,0.0,429
TMalign,3,1,0.0,111
TMalign,4,1,0.07586,580
TMalign,0,2,0.01643,487
TMalign,1,2,0.00425,706
TMalign,2,2,0.00699,429
TMalign,3,2,0.00901,111
TMalign,4,2,0.37759,580
TMalign,0,4,0.02875,487
TMalign,1,4,0.01275,706
TMalign,2,4,0.02797,429
TMalign,3,4,0.04505,111
TMalign,4,4,0.70517,580
USAlign,0,1,0.00205,487
USAlign,1,1,0.00142,706
USAlign,2,1,0.0,429
USAlign,3,1,0.0,111
USAlign,4,1,0.07586,580
USAlign,0,2,0.01643,487
USAlign,1,2,0.00425,706
USAlign,2,2,0.00699,429
USAlign,3,2,0.00901,111
USAlign,4,2,0.37759,580
USAlign,0,4,0.02875,487
USAlign,1,4,0.01133,706
USAlign,2,4,0.02797,429
USAlign,3,4,0.03604,111
USAlign,4,4,0.70862,580
USAlign_fns,0,1,0.0,487
USAlign_fns,1,1,0.00142,706
USAlign_fns,2,1,0.0,429
USAlign_fns,3,1,0.0,111
USAlign_fns,4,1,0.08103,580
USAlign_fns,0,2,0.01232,487
USAlign_fns,1,2,0.00142,706
USAlign_fns,2,2,0.00233,429
USAlign_fns,3,2,0.0,111
USAlign_fns,4,2,0.39483,580
USAlign_fns,0,4,0.01848,487
USAlign_fns,1,4,0.00992,706
USAlign_fns,2,4,0.01632,429
USAlign_fns,3,4,0.02703,111
USAlign_fns,4,4,0.65,580
USAlign_sns,0,1,0.0,487
USAlign_sns,1,1,0.00142,706
USAlign_sns,2,1,0.0,429
USAlign_sns,3,1,0.0,111
USAlign_sns,4,1,0.07241,580
USAlign_sns,0,2,0.01437,487
USAlign_sns,1,2,0.00283,706
USAlign_sns,2,2,0.00466,429
USAlign_sns,3,2,0.00901,111
USAlign_sns,4,2,0.3931,580
USAlign_sns,0,4,0.0308,487
USAlign_sns,1,4,0.01416,706
USAlign_sns,2,4,0.03497,429
USAlign_sns,3,4,0.05405,111
USAlign_sns,4,4,0.73276,580
ablation-no-esm,0,1,0.08025,486
ablation-no-esm,1,1,0.03693,704
ablation-no-esm,2,1,0.02558,430
ablation-no-esm,3,1,0.00909,110
ablation-no-esm,4,1,0.12693,583
ablation-no-esm,0,2,0.12963,486
ablation-no-esm,1,2,0.06108,704
ablation-no-esm,2,2,0.07442,430
ablation-no-esm,3,2,0.02727,110
ablation-no-esm,4,2,0.54031,583
ablation-no-esm,0,4,0.19547,486
ablation-no-esm,1,4,0.10369,704
ablation-no-esm,2,4,0.11395,430
ablation-no-esm,3,4,0.08182,110
ablation-no-esm,4,4,0.81475,583
ablation-no-gnn,0,1,0.0535,486
ablation-no-gnn,1,1,0.04131,702
ablation-no-gnn,2,1,0.03263,429
ablation-no-gnn,3,1,0.00901,111
ablation-no-gnn,4,1,0.14872,585
ablation-no-gnn,0,2,0.13992,486
ablation-no-gnn,1,2,0.15385,702
ablation-no-gnn,2,2,0.16084,429
ablation-no-gnn,3,2,0.04505,111
ablation-no-gnn,4,2,0.63932,585
ablation-no-gnn,0,4,0.21811,486
ablation-no-gnn,1,4,0.40171,702
ablation-no-gnn,2,4,0.42657,429
ablation-no-gnn,3,4,0.36036,111
ablation-no-gnn,4,4,0.87179,585
ablation-no-ligand-loss,0,1,0.00206,486
ablation-no-ligand-loss,1,1,0.00284,703
ablation-no-ligand-loss,2,1,0.0,428
ablation-no-ligand-loss,3,1,0.0,112
ablation-no-ligand-loss,4,1,0.0274,584
ablation-no-ligand-loss,0,2,0.01852,486
ablation-no-ligand-loss,1,2,0.00569,703
ablation-no-ligand-loss,2,2,0.00234,428
ablation-no-ligand-loss,3,2,0.0,112
ablation-no-ligand-loss,4,2,0.21404,584
ablation-no-ligand-loss,0,4,0.02469,486
ablation-no-ligand-loss,1,4,0.01138,703
ablation-no-ligand-loss,2,4,0.02804,428
ablation-no-ligand-loss,3,4,0.01786,112
ablation-no-ligand-loss,4,4,0.54623,584
ablation-no-quality-loss,0,1,0.00617,486
ablation-no-quality-loss,1,1,0.00711,703
ablation-no-quality-loss,2,1,0.0,428
ablation-no-quality-loss,3,1,0.0,112
ablation-no-quality-loss,4,1,0.16096,584
ablation-no-quality-loss,0,2,0.01852,486
ablation-no-quality-loss,1,2,0.00711,703
ablation-no-quality-loss,2,2,0.00701,428
ablation-no-quality-loss,3,2,0.0,112
ablation-no-quality-loss,4,2,0.42123,584
ablation-no-quality-loss,0,4,0.02058,486
ablation-no-quality-loss,1,4,0.00996,703
ablation-no-quality-loss,2,4,0.00935,428
ablation-no-quality-loss,3,4,0.00893,112
ablation-no-quality-loss,4,4,0.50685,584
ablation-no-recycle,0,1,0.01029,486
ablation-no-recycle,1,1,0.00855,702
ablation-no-recycle,2,1,0.0,429
ablation-no-recycle,3,1,0.0,111
ablation-no-recycle,4,1,0.16239,585
ablation-no-recycle,0,2,0.05761,486
ablation-no-recycle,1,2,0.01852,702
ablation-no-recycle,2,2,0.04429,429
ablation-no-recycle,3,2,0.0,111
ablation-no-recycle,4,2,0.65128,585
ablation-no-recycle,0,4,0.07202,486
ablation-no-recycle,1,4,0.02849,702
ablation-no-recycle,2,4,0.1049,429
ablation-no-recycle,3,4,0.06306,111
ablation-no-recycle,4,4,0.86496,585
baseline,0,1,0.04527,486
baseline,1,1,0.03276,702
baseline,2,1,0.0303,429
baseline,3,1,0.00901,111
baseline,4,1,0.15556,585
baseline,0,2,0.16667,486
baseline,1,2,0.12536,702
baseline,2,2,0.13986,429
baseline,3,2,0.03604,111
baseline,4,2,0.64786,585
baseline,0,4,0.29012,486
baseline,1,4,0.39459,702
baseline,2,4,0.41026,429
baseline,3,4,0.40541,111
baseline,4,4,0.87009,585
baseline_sample_1000_with_src_motif,0,1,0.04386,228
baseline_sample_1000_with_src_motif,1,1,0.03136,287
baseline_sample_1000_with_src_motif,2,1,0.03261,184
baseline_sample_1000_with_src_motif,3,1,0.02381,42
baseline_sample_1000_with_src_motif,4,1,0.14286,259
baseline_sample_1000_with_src_motif,0,2,0.16228,228
baseline_sample_1000_with_src_motif,1,2,0.11498,287
baseline_sample_1000_with_src_motif,2,2,0.1413,184
baseline_sample_1000_with_src_motif,3,2,0.07143,42
baseline_sample_1000_with_src_motif,4,2,0.63707,259
baseline_sample_1000_with_src_motif,0,4,0.28947,228
baseline_sample_1000_with_src_motif,1,4,0.34495,287
baseline_sample_1000_with_src_motif,2,4,0.44565,184
baseline_sample_1000_with_src_motif,3,4,0.42857,42
baseline_sample_1000_with_src_motif,4,4,0.88031,259
baseline_sample_1000_without_src_motif,0,1,0.04386,228
baseline_sample_1000_without_src_motif,1,1,0.03136,287
baseline_sample_1000_without_src_motif,2,1,0.03261,184
baseline_sample_1000_without_src_motif,3,1,0.02381,42
baseline_sample_1000_without_src_motif,4,1,0.14286,259
baseline_sample_1000_without_src_motif,0,2,0.16228,228
baseline_sample_1000_without_src_motif,1,2,0.11498,287
baseline_sample_1000_without_src_motif,2,2,0.1413,184
baseline_sample_1000_without_src_motif,3,2,0.07143,42
baseline_sample_1000_without_src_motif,4,2,0.63707,259
baseline_sample_1000_without_src_motif,0,4,0.28947,228
baseline_sample_1000_without_src_motif,1,4,0.34495,287
baseline_sample_1000_without_src_motif,2,4,0.44565,184
baseline_sample_1000_without_src_motif,3,4,0.42857,42
baseline_sample_1000_without_src_motif,4,4,0.88031,259
