lrmsd_scale,subset,checkpoint,n,n_diff_fold,n_same_fold,composite,composite_diff_fold,composite_same_fold,lrmsd_only,lrmsd_only_diff_fold,lrmsd_only_same_fold,median_ligand_rmsd
as_logged,holo_holo_subset,homology_ckpt,1702,1479,223,0.47238542890716806,0.41446923597025015,0.8565022421524664,0.47767332549941244,0.42055442866801895,0.8565022421524664,4.126325845718384
as_logged,holo_holo_subset,ligand_ckpt,1702,1479,223,0.3301997649823737,0.2535496957403651,0.8385650224215246,0.3390129259694477,0.26369168356997974,0.8385650224215246,5.36798357963562
as_logged,apo_apo,homology_ckpt,464,412,52,0.35344827586206895,0.3058252427184466,0.7307692307692307,0.3599137931034483,0.3131067961165049,0.7307692307692307,5.261900424957275
as_logged,apo_apo,ligand_ckpt,464,412,52,0.21120689655172414,0.1529126213592233,0.6730769230769231,0.21551724137931033,0.15776699029126215,0.6730769230769231,6.125138521194458
as_logged,apo_holo,homology_ckpt,1238,1065,173,0.44345718901453957,0.3755868544600939,0.861271676300578,0.45476575121163165,0.38873239436619716,0.861271676300578,4.400398015975952
as_logged,apo_holo,ligand_ckpt,1238,1065,173,0.345718901453958,0.26572769953051645,0.838150289017341,0.35218093699515346,0.27323943661971833,0.838150289017341,5.323309898376465
raw,holo_holo_subset,homology_ckpt,1702,1479,223,0.2773207990599295,0.19607843137254902,0.8161434977578476,0.2802585193889542,0.19945909398242057,0.8161434977578476,7.025119960953576
raw,holo_holo_subset,ligand_ckpt,1702,1479,223,0.19330199764982373,0.10209601081812035,0.7982062780269058,0.19623971797884843,0.10547667342799188,0.7982062780269058,11.588876479330171
raw,apo_apo,homology_ckpt,464,412,52,0.15732758620689655,0.08980582524271845,0.6923076923076923,0.15948275862068967,0.09223300970873786,0.6923076923076923,11.10589975564887
raw,apo_apo,ligand_ckpt,464,412,52,0.12284482758620689,0.055825242718446605,0.6538461538461539,0.12284482758620689,0.055825242718446605,0.6538461538461539,15.807437219144436
raw,apo_holo,homology_ckpt,1238,1065,173,0.25363489499192243,0.1624413145539906,0.815028901734104,0.26009693053311794,0.1699530516431925,0.815028901734104,7.858432041240086
raw,apo_holo,ligand_ckpt,1238,1065,173,0.1987075928917609,0.09953051643192488,0.8092485549132948,0.20113085621970922,0.10234741784037558,0.8092485549132948,11.382644520793807
